date,open,high,low,close,volume,amplitude,nav,premium_rate
2025-04-30,1.084,1.093,1.075,1.078,44517152,0.018,1.0911,-1.2
2025-04-29,1.19,1.22,1.083,1.084,413921463,0.137,1.0893,-0.49
2025-04-28,1.129,1.203,1.114,1.203,538813019,0.089,1.0925,10.11
2025-04-25,1.081,1.118,1.081,1.094,65070582,0.037,1.0864,0.7
2025-04-24,1.084,1.085,1.077,1.08,6946467,0.008,1.0852,-0.48
2025-04-23,1.084,1.09,1.078,1.083,14648485,0.012,1.086,-0.28
2025-04-22,1.074,1.083,1.066,1.072,12081484,0.017,1.0789,-0.64
2025-04-21,1.078,1.107,1.042,1.08,56030837,0.065,1.0744,0.52
2025-04-18,1.08,1.135,1.07,1.076,77078248,0.065,1.0743,0.16
2025-04-17,1.065,1.097,1.065,1.073,22494718,0.032,1.075,-0.19
2025-04-16,1.073,1.073,1.058,1.064,2005761,0.015,1.0694,-0.5
2025-04-15,1.067,1.075,1.065,1.073,3479003,0.01,1.0788,-0.54
2025-04-14,1.048,1.07,1.048,1.067,7349968,0.022,1.0749,-0.73
2025-04-11,1.028,1.045,1.023,1.038,9224603,0.022,1.0519,-1.32
2025-04-10,1.029,1.047,1.023,1.033,17517205,0.024,1.0378,-0.46
2025-04-09,1.0,1.012,0.97,0.995,54709856,0.042,1.0197,-2.42
2025-04-08,1.078,1.078,1.078,1.078,453000,0.0,1.0126,6.46
2025-04-07,1.198,1.198,1.198,1.198,533500,0.0,0.9971,20.15
2025-04-03,1.21,1.331,1.188,1.331,68113085,0.143,1.0949,21.56
2025-04-02,1.096,1.21,1.096,1.21,42618364,0.114,1.1102,8.99
2025-04-01,1.088,1.1,1.088,1.1,277285,0.012,1.1037,-0.34
2025-03-31,1.089,1.099,0.981,1.091,208985,0.118,1.0913,-0.03
2025-03-28,1.099,1.099,1.09,1.09,88300,0.009,1.0942,-0.38
2025-03-27,1.093,1.12,1.093,1.101,396103,0.027,1.0994,0.15
2025-03-26,1.102,1.134,1.091,1.095,1169602,0.043,1.0956,-0.05
2025-03-25,1.102,1.107,1.097,1.102,506346,0.01,1.0985,0.32
2025-03-24,1.11,1.11,1.101,1.107,269100,0.009,1.111,-0.36
2025-03-21,1.121,1.122,1.099,1.104,828500,0.023,1.1029,0.1
2025-03-20,1.112,1.124,1.112,1.115,257892,0.012,1.1167,-0.15
2025-03-19,1.121,1.16,1.116,1.121,2220013,0.044,1.1213,-0.03
2025-03-18,1.124,1.132,1.115,1.121,682609,0.017,1.1245,-0.31
2025-03-17,1.109,1.142,1.096,1.111,338471,0.046,1.115,-0.36
2025-03-14,1.093,1.12,1.093,1.109,560269,0.027,1.1056,0.31
2025-03-13,1.09,1.093,1.086,1.089,103093,0.007,1.0987,-0.88
2025-03-12,1.088,1.1,1.088,1.095,67300,0.012,1.0976,-0.24
2025-03-11,1.088,1.088,1.087,1.088,15172,0.001,1.0994,-1.04
2025-03-10,1.088,1.095,1.081,1.088,147483,0.014,1.0963,-0.76
2025-03-07,1.085,1.097,1.084,1.09,1454575,0.013,1.0915,-0.14
2025-03-06,1.086,1.093,1.081,1.087,137398,0.012,1.0911,-0.38
2025-03-05,1.071,1.1,1.071,1.083,432491,0.029,1.088,-0.46
2025-03-04,1.067,1.073,1.061,1.069,84700,0.012,1.0714,-0.22
2025-03-03,1.07,1.077,1.07,1.074,427909,0.007,1.0744,-0.04
2025-02-28,1.08,1.087,1.07,1.07,55324,0.017,1.0705,-0.05
2025-02-27,1.075,1.081,1.075,1.08,175211,0.006,1.0834,-0.31
2025-02-26,1.083,1.084,1.075,1.076,190544,0.009,1.0852,-0.85
2025-02-25,1.081,1.189,1.07,1.073,1444691,0.119,1.0729,0.01
2025-02-24,1.08,1.095,1.078,1.083,351481,0.017,1.0831,-0.01
2025-02-21,1.085,1.085,1.079,1.082,720438,0.006,1.0904,-0.77
2025-02-20,1.075,1.077,1.067,1.075,484000,0.01,1.0802,-0.48
2025-02-19,1.082,1.083,1.073,1.076,389478,0.01,1.08,-0.37
2025-02-18,1.078,1.087,1.074,1.078,632339,0.013,1.088,-0.92
2025-02-17,1.069,1.078,1.063,1.078,1560362,0.015,1.0841,-0.56
2025-02-14,1.066,1.066,1.058,1.063,1041319,0.008,1.0749,-1.11
2025-02-13,1.066,1.067,1.061,1.064,621548,0.006,1.061,0.28
2025-02-12,1.058,1.066,1.058,1.065,552620,0.008,1.0722,-0.67
2025-02-11,1.058,1.058,1.055,1.057,935415,0.003,1.0596,-0.25
2025-02-10,1.051,1.068,1.051,1.054,822612,0.017,1.0584,-0.42
2025-02-07,1.052,1.058,1.05,1.051,1082323,0.008,1.0584,-0.7
2025-02-06,1.05,1.053,1.047,1.051,558072,0.006,1.0583,-0.69
2025-02-05,1.052,1.056,1.045,1.047,361290,0.011,1.0514,-0.42
2025-01-27,1.044,1.053,1.043,1.05,2555029,0.01,1.0544,-0.42
2025-01-24,1.036,1.043,1.035,1.04,875933,0.008,1.0469,-0.66
2025-01-23,1.036,1.042,1.029,1.034,1218776,0.013,1.0416,-0.73
2025-01-22,1.03,1.037,1.027,1.029,1109044,0.01,1.034,-0.48
2025-01-21,1.03,1.036,1.029,1.034,2890610,0.007,1.0406,-0.63
2025-01-20,1.09,1.116,1.043,1.043,4450853,0.073,1.0385,0.43
2025-01-17,1.046,1.143,1.042,1.091,13110545,0.101,1.0401,4.89
2025-01-16,1.033,1.047,1.033,1.039,144904,0.014,1.043,-0.38
2025-01-15,1.043,1.05,1.034,1.037,35800,0.016,1.0388,-0.17
2025-01-14,1.023,1.044,1.023,1.043,125984,0.021,1.039,0.38
2025-01-13,1.034,1.034,1.03,1.03,10200,0.004,1.0281,0.18
2025-01-10,1.033,1.041,1.03,1.036,54700,0.011,1.029,0.68
2025-01-09,1.047,1.047,1.033,1.04,98900,0.014,1.036,0.39
2025-01-08,1.054,1.054,1.04,1.048,99220,0.014,1.0467,0.12
2025-01-07,1.055,1.067,1.046,1.055,86900,0.021,1.0515,0.33
2025-01-06,1.059,1.06,1.057,1.06,48500,0.003,1.0613,-0.12
2025-01-03,1.061,1.067,1.059,1.062,183707,0.008,1.0642,-0.21
2025-01-02,1.077,1.077,1.053,1.056,440300,0.024,1.0617,-0.54
2024-12-31,1.078,1.085,1.077,1.078,341600,0.008,1.0829,-0.45
2024-12-30,1.088,1.088,1.07,1.079,130600,0.018,1.0808,-0.17
2024-12-27,1.073,1.08,1.07,1.073,136400,0.01,1.0761,-0.29
2024-12-26,1.075,1.078,1.073,1.077,156593,0.005,1.0742,0.26
2024-12-25,1.075,1.079,1.067,1.07,80100,0.012,1.0738,-0.35
2024-12-24,1.055,1.075,1.055,1.071,169300,0.02,1.0735,-0.23
2024-12-23,1.042,1.053,1.042,1.053,70471,0.011,1.0554,-0.23
2024-12-20,1.05,1.056,1.043,1.043,174700,0.013,1.0412,0.17
2024-12-19,1.063,1.063,1.05,1.056,41700,0.013,1.0521,0.37
2024-12-18,1.055,1.063,1.055,1.063,12800,0.008,1.059,0.38
2024-12-17,1.055,1.064,1.054,1.054,27502,0.01,1.0508,0.3
2024-12-16,1.043,1.064,1.043,1.061,29600,0.021,1.058,0.28
2024-12-13,1.069,1.069,1.048,1.054,65499,0.021,1.0589,-0.46
2024-12-12,1.067,1.075,1.056,1.069,31797,0.019,1.0705,-0.14
2024-12-11,1.071,1.079,1.058,1.066,87203,0.021,1.0648,0.11
2024-12-10,1.083,1.091,1.069,1.069,255618,0.022,1.0701,-0.1
2024-12-09,1.052,1.06,1.051,1.059,160800,0.009,1.0818,-2.11
2024-12-06,1.054,1.058,1.052,1.058,93723,0.006,1.0527,0.5
2024-12-05,1.051,1.057,1.043,1.047,72200,0.014,1.0462,0.08
2024-12-04,1.045,1.052,1.042,1.051,458673,0.01,1.0502,0.08
2024-12-03,1.03,1.044,1.027,1.044,371984,0.017,1.0441,-0.01
2024-12-02,1.029,1.033,1.026,1.029,7670,0.007,1.0296,-0.06
2024-11-29,1.025,1.027,1.021,1.024,118858,0.006,1.0216,0.23
2024-11-28,1.028,1.028,1.024,1.024,35300,0.004,1.0199,0.4
2024-11-27,1.034,1.035,1.021,1.03,68300,0.014,1.0342,-0.41
2024-11-26,1.033,1.033,1.029,1.029,23200,0.004,1.023,0.59
2024-11-25,1.035,1.035,1.027,1.033,63258,0.008,1.0296,0.33
2024-11-22,1.06,1.06,1.033,1.034,41600,0.027,1.0314,0.25
2024-11-21,1.065,1.065,1.055,1.06,41878,0.01,1.0588,0.11
2024-11-20,1.069,1.069,1.054,1.061,370378,0.015,1.0613,-0.03
2024-11-19,1.065,1.16,1.05,1.059,1186254,0.11,1.0594,-0.04
2024-11-18,1.049,1.072,1.049,1.064,92500,0.023,1.0561,0.75
2024-11-15,1.036,1.05,1.036,1.042,114900,0.014,1.0414,0.06
2024-11-14,1.06,1.064,1.04,1.044,39036,0.024,1.039,0.48
2024-11-13,1.055,1.065,1.054,1.056,38100,0.011,1.0596,-0.34
2024-11-12,1.081,1.081,1.056,1.056,320965,0.025,1.0568,-0.08
2024-11-11,1.078,1.083,1.072,1.08,25400,0.011,1.0804,-0.04
2024-11-08,1.1,1.106,1.086,1.088,272331,0.02,1.0933,-0.48
2024-11-07,1.084,1.099,1.084,1.099,489528,0.015,1.1097,-0.96
2024-11-06,1.089,1.091,1.072,1.075,131000,0.019,1.0777,-0.25
2024-11-05,1.073,1.089,1.073,1.089,180043,0.016,1.0966,-0.69
2024-11-04,1.067,1.073,1.061,1.073,61736,0.012,1.077,-0.37
2024-11-01,1.053,1.073,1.053,1.065,260501,0.02,1.0736,-0.8
2024-10-31,1.059,1.064,1.045,1.064,142702,0.019,1.0576,0.61
2024-10-30,1.08,1.08,1.054,1.054,63400,0.026,1.0574,-0.32
2024-10-29,1.07,1.092,1.07,1.07,38800,0.022,1.0724,-0.22
2024-10-28,1.09,1.09,1.071,1.082,35200,0.019,1.0823,-0.03
2024-10-25,1.089,1.089,1.076,1.081,227699,0.013,1.0832,-0.2
2024-10-24,1.072,1.088,1.072,1.083,149801,0.016,1.087,-0.37
2024-10-23,1.079,1.085,1.079,1.082,109442,0.006,1.0865,-0.41
2024-10-22,1.078,1.08,1.068,1.075,131499,0.012,1.0802,-0.48
2024-10-21,1.07,1.079,1.067,1.078,147784,0.012,1.0735,0.42
2024-10-18,1.05,1.078,1.05,1.07,373230,0.028,1.086,-1.47
2024-10-17,1.076,1.084,1.053,1.066,37208,0.031,1.0558,0.97
2024-10-16,1.049,1.08,1.049,1.064,155300,0.031,1.0731,-0.85
2024-10-15,1.062,1.096,1.049,1.05,198700,0.047,1.0568,-0.64
2024-10-14,1.038,1.08,1.035,1.076,357432,0.045,1.084,-0.74
2024-10-11,1.055,1.078,1.046,1.053,422823,0.032,1.0744,-1.99
2024-10-10,1.029,1.084,1.028,1.069,505368,0.056,1.0749,-0.55
2024-10-09,1.056,1.056,1.014,1.025,346139,0.042,1.0383,-1.28
2024-10-08,1.181,1.181,1.057,1.078,1316996,0.124,1.0716,0.6
2024-09-30,1.05,1.078,1.038,1.076,759217,0.04,1.0641,1.12
2024-09-27,1.021,1.049,1.021,1.032,273018,0.028,1.049,-1.62
2024-09-26,1.0,1.019,1.0,1.019,293416,0.019,1.029,-0.97
2024-09-25,1.006,1.023,0.997,1.0,247700,0.026,1.0066,-0.66
2024-09-24,0.972,0.998,0.972,0.997,72246,0.026,1.0023,-0.53
2024-09-23,0.959,0.972,0.959,0.97,19800,0.013,0.9647,0.55
2024-09-20,0.946,0.958,0.946,0.956,96500,0.012,0.9591,-0.32
2024-09-19,0.929,0.941,0.929,0.941,117579,0.012,0.9513,-1.08
2024-09-18,0.93,0.934,0.929,0.929,46400,0.005,0.9384,-1.0
2024-09-13,0.909,0.926,0.909,0.917,69402,0.017,0.9237,-0.73
2024-09-12,0.904,0.916,0.901,0.913,69101,0.015,0.9162,-0.35
2024-09-11,0.912,0.912,0.899,0.904,247179,0.013,0.9071,-0.34
2024-09-10,0.921,0.921,0.906,0.914,588544,0.015,0.9202,-0.67
2024-09-09,0.936,0.936,0.9,0.915,653000,0.036,0.9193,-0.47
2024-09-06,0.943,0.952,0.939,0.943,4345,0.013,0.9413,0.18
2024-09-05,0.941,0.942,0.936,0.94,158823,0.006,0.9421,-0.22
2024-09-04,0.958,0.958,0.938,0.941,83682,0.02,0.9482,-0.76
2024-09-03,0.968,0.968,0.957,0.957,40282,0.011,0.9613,-0.45
2024-09-02,0.965,0.968,0.961,0.968,63400,0.007,0.9709,-0.3
2024-08-30,0.965,0.979,0.965,0.978,55600,0.014,0.9782,-0.02
2024-08-29,0.97,0.982,0.965,0.966,40400,0.017,0.9757,-0.99
2024-08-28,0.986,0.989,0.982,0.982,4882,0.007,0.9799,0.21
2024-08-27,0.985,0.989,0.975,0.989,138464,0.014,0.9904,-0.14
2024-08-26,0.976,0.98,0.974,0.974,91136,0.006,0.9764,-0.25
2024-08-23,0.967,0.974,0.954,0.973,110657,0.02,0.9693,0.38
2024-08-22,0.976,0.976,0.962,0.968,163659,0.014,0.9754,-0.76
2024-08-21,0.964,0.968,0.959,0.968,123601,0.009,0.9671,0.09
2024-08-20,0.964,0.97,0.962,0.962,39501,0.008,0.9685,-0.67
2024-08-19,0.969,0.976,0.969,0.971,71700,0.007,0.974,-0.31
2024-08-16,0.965,0.974,0.962,0.969,15100,0.012,0.9729,-0.4
2024-08-15,0.958,0.962,0.956,0.959,56400,0.006,0.9637,-0.49
2024-08-14,0.954,0.957,0.953,0.957,2500,0.004,0.9553,0.18
2024-08-13,0.952,0.957,0.945,0.956,75300,0.012,0.9577,-0.18
2024-08-12,0.949,0.951,0.943,0.943,11300,0.008,0.9519,-0.93
2024-08-09,0.938,0.938,0.938,0.938,100,0.0,0.9477,-1.02
2024-08-08,0.935,0.945,0.935,0.945,9400,0.01,0.9435,0.16
2024-08-07,0.933,0.95,0.933,0.943,191424,0.017,0.9469,-0.41
2024-08-06,0.938,0.946,0.912,0.938,30446,0.034,0.9368,0.13
2024-08-05,0.959,0.959,0.931,0.931,81780,0.028,0.9435,-1.32
2024-08-02,0.965,0.965,0.959,0.962,72942,0.006,0.9657,-0.38
2024-08-01,0.973,0.976,0.973,0.973,113207,0.003,0.9726,0.04
2024-07-31,0.956,0.973,0.956,0.973,77616,0.017,0.9695,0.36
2024-07-30,0.951,0.956,0.949,0.956,44000,0.007,0.9529,0.33
2024-07-29,0.953,0.967,0.953,0.96,33150,0.014,0.9633,-0.34
2024-07-26,0.961,0.963,0.95,0.958,17300,0.013,0.953,0.52
2024-07-25,0.964,0.964,0.958,0.959,14000,0.006,0.9549,0.43
2024-07-24,0.97,0.974,0.962,0.966,76129,0.012,0.971,-0.51
2024-07-23,0.98,0.981,0.97,0.97,72400,0.011,0.9698,0.02
2024-07-22,0.962,0.98,0.952,0.975,72046,0.028,0.9692,0.6
2024-07-19,0.992,0.992,0.966,0.971,187214,0.026,0.9643,0.69
2024-07-18,0.986,0.993,0.985,0.992,140355,0.008,0.9896,0.24
2024-07-17,0.992,0.993,0.981,0.983,239763,0.012,0.9816,0.14
2024-07-16,1.003,1.003,0.997,0.997,70700,0.006,0.9938,0.32
2024-07-15,1.013,1.017,1.006,1.01,122050,0.011,1.0075,0.25
2024-07-12,1.014,1.018,1.006,1.013,205350,0.012,1.0131,-0.01
2024-07-11,1.011,1.013,1.006,1.013,207708,0.007,1.0064,0.66
2024-07-10,1.018,1.019,1.0,1.009,267377,0.019,1.0025,0.65
2024-07-09,1.018,1.023,1.011,1.014,257505,0.012,1.0186,-0.45
2024-07-08,1.033,1.033,1.013,1.013,172090,0.02,1.021,-0.78
2024-07-05,1.051,1.053,1.033,1.037,291100,0.02,1.0354,0.15
2024-07-04,1.046,1.048,1.043,1.048,106476,0.005,1.0483,-0.03
2024-07-03,1.062,1.062,1.045,1.048,211938,0.017,1.042,0.58
2024-07-02,1.027,1.05,1.027,1.049,395165,0.023,1.0392,0.94
2024-07-01,1.021,1.033,1.021,1.03,230719,0.012,1.0212,0.86
2024-06-28,1.009,1.029,1.0,1.024,211013,0.029,1.0213,0.26
2024-06-27,1.018,1.027,0.994,1.0,220284,0.033,1.0074,-0.73
2024-06-26,1.042,1.052,1.026,1.03,274513,0.026,1.0249,0.5
2024-06-25,1.033,1.044,1.03,1.039,161183,0.014,1.0302,0.85
2024-06-24,1.02,1.03,1.018,1.03,145114,0.012,1.0266,0.33
2024-06-21,1.058,1.063,1.016,1.031,1359882,0.047,1.0286,0.23
2024-06-20,1.039,1.054,1.039,1.054,450064,0.015,1.0481,0.56
2024-06-19,1.015,1.038,1.015,1.033,203725,0.023,1.0336,-0.06
2024-06-18,1.0,1.013,1.0,1.01,64012,0.013,1.0129,-0.29
2024-06-17,1.009,1.012,1.0,1.0,130900,0.012,0.9981,0.19
2024-06-14,1.006,1.017,1.006,1.01,167089,0.011,1.0073,0.27
2024-06-13,1.015,1.032,1.002,1.002,16778,0.03,1.005,-0.3
2024-06-12,1.01,1.036,1.0,1.011,261063,0.036,1.0042,0.68
2024-06-11,1.033,1.033,1.005,1.012,85700,0.028,1.0091,0.29
2024-06-07,1.036,1.036,1.029,1.036,85344,0.007,1.0348,0.12
2024-06-06,1.025,1.036,1.025,1.033,105000,0.011,1.0298,0.31
2024-06-05,1.038,1.047,1.024,1.024,72400,0.023,1.0218,0.22
2024-06-04,1.025,1.037,1.025,1.037,81010,0.012,1.0336,0.33
2024-06-03,1.033,1.048,1.03,1.04,158028,0.018,1.0343,0.55
2024-05-31,1.031,1.038,1.031,1.033,38600,0.007,1.0228,1.0
2024-05-30,1.05,1.055,1.012,1.029,150322,0.043,1.0294,-0.04
2024-05-29,1.061,1.061,1.05,1.055,100754,0.011,1.0502,0.46
2024-05-28,1.046,1.069,1.046,1.058,139721,0.023,1.0581,-0.01
2024-05-27,1.034,1.047,1.034,1.041,144058,0.013,1.0483,-0.7
2024-05-24,1.034,1.038,1.031,1.031,39800,0.007,1.0321,-0.11
2024-05-23,1.042,1.059,1.032,1.034,157962,0.027,1.0361,-0.2
2024-05-22,1.04,1.052,1.039,1.049,153622,0.013,1.0458,0.31
2024-05-21,1.053,1.06,1.04,1.042,481514,0.02,1.0486,-0.63
2024-05-20,1.055,1.061,1.047,1.061,161269,0.014,1.0581,0.27
2024-05-17,1.048,1.055,1.04,1.046,506621,0.015,1.0514,-0.51
2024-05-16,1.042,1.045,1.028,1.04,218690,0.017,1.0399,0.01
2024-05-15,1.031,1.035,1.031,1.032,221105,0.004,1.0308,0.12
2024-05-14,1.063,1.088,1.037,1.04,755645,0.051,1.0309,0.88
2024-05-13,1.045,1.091,1.045,1.056,773803,0.046,1.0395,1.59
2024-05-10,1.004,1.05,1.004,1.045,567725,0.046,1.0324,1.22
2024-05-09,0.998,1.003,0.986,1.0,120016,0.017,1.0024,-0.24
2024-05-08,0.992,0.993,0.983,0.99,82919,0.01,0.9834,0.67
2024-05-07,0.988,0.997,0.988,0.988,279100,0.009,0.9866,0.14
2024-05-06,0.972,0.981,0.964,0.981,228742,0.017,0.978,0.31
2024-04-30,0.961,0.973,0.953,0.962,314488,0.02,0.9607,0.14
2024-04-29,0.961,1.055,0.96,0.96,531135,0.095,0.9553,0.49
2024-04-26,0.942,0.962,0.942,0.96,275016,0.02,0.9485,1.21
2024-04-25,0.928,0.943,0.928,0.933,80400,0.015,0.938,-0.53
2024-04-24,0.927,0.927,0.922,0.922,2000,0.005,0.9266,-0.5
2024-04-23,0.922,0.922,0.922,0.922,1000,0.0,0.9146,0.81
2024-04-22,0.92,0.927,0.92,0.92,29600,0.007,0.9163,0.4
2024-04-19,0.912,0.913,0.912,0.913,2500,0.001,0.9165,-0.38
2024-04-18,0.896,0.91,0.896,0.91,33000,0.014,0.9085,0.17
2024-04-17,0.912,0.912,0.898,0.911,4800,0.014,0.901,1.11
2024-04-16,0.905,0.91,0.895,0.909,23900,0.015,0.8985,1.17
2024-04-15,0.912,0.912,0.894,0.905,81846,0.018,0.9078,-0.31
2024-04-12,0.912,0.912,0.9,0.912,15088,0.012,0.9046,0.82
2024-04-11,0.905,0.912,0.905,0.912,23700,0.007,0.9136,-0.18
2024-04-10,0.898,0.913,0.898,0.913,2100,0.015,0.9126,0.04
2024-04-09,0.898,0.901,0.895,0.9,42000,0.006,0.8982,0.2
2024-04-08,0.907,0.917,0.904,0.905,118543,0.013,0.9002,0.53
2024-04-03,0.888,0.902,0.888,0.901,80684,0.014,0.8994,0.18
2024-04-02,0.875,0.898,0.875,0.896,123173,0.023,0.8988,-0.31
2024-04-01,0.884,0.891,0.884,0.884,11400,0.007,0.8774,0.75
2024-03-29,0.868,0.883,0.868,0.883,47600,0.015,0.8776,0.62
2024-03-28,0.881,0.895,0.795,0.88,122200,0.1,0.8779,0.24
2024-03-27,0.88,0.91,0.872,0.883,211180,0.038,0.8771,0.67
2024-03-26,0.885,0.893,0.883,0.89,45294,0.01,0.8784,1.32
2024-03-25,0.905,0.985,0.887,0.895,342516,0.098,0.8862,0.99
2024-03-22,0.907,0.913,0.894,0.895,97355,0.019,0.887,0.9
2024-03-21,0.9,0.918,0.9,0.916,155756,0.018,0.9144,0.17
2024-03-20,0.906,0.908,0.9,0.9,17455,0.008,0.9006,-0.07
2024-03-19,0.9,0.913,0.9,0.906,71496,0.013,0.896,1.12
2024-03-18,0.903,0.909,0.898,0.909,398,0.011,0.9061,0.32
2024-03-15,0.913,0.913,0.901,0.901,8600,0.012,0.9054,-0.49
2024-03-14,0.918,0.918,0.916,0.916,11100,0.002,0.9176,-0.17
2024-03-13,0.916,0.923,0.914,0.923,84564,0.009,0.9158,0.79
2024-03-12,0.913,0.925,0.913,0.925,63005,0.012,0.924,0.11
2024-03-11,0.923,0.93,0.914,0.917,145600,0.016,0.9144,0.28
2024-03-08,0.91,0.918,0.91,0.915,91502,0.008,0.9166,-0.17
2024-03-07,0.896,0.913,0.896,0.909,22686,0.017,0.9007,0.92
2024-03-06,0.897,0.897,0.897,0.897,498,0.0,0.9003,-0.37
2024-03-05,0.901,0.912,0.896,0.896,62500,0.016,0.8905,0.62
2024-03-04,0.903,0.911,0.903,0.91,1300,0.008,0.9014,0.95
2024-03-01,0.9,0.912,0.898,0.903,88646,0.014,0.9007,0.26
2024-02-29,0.9,0.911,0.898,0.911,22116,0.013,0.8973,1.53
2024-02-28,0.91,0.91,0.902,0.902,18200,0.008,0.8995,0.28
2024-02-27,0.91,0.91,0.902,0.904,14446,0.008,0.908,-0.44
2024-02-26,0.928,0.928,0.911,0.911,56400,0.017,0.9089,0.23
2024-02-23,0.918,0.937,0.918,0.922,41101,0.019,0.9188,0.35
2024-02-22,0.908,0.917,0.895,0.917,58603,0.022,0.9194,-0.26
2024-02-21,0.882,0.898,0.882,0.895,54305,0.016,0.896,-0.11
2024-02-20,0.867,0.882,0.867,0.878,12042,0.015,0.8834,-0.61
2024-02-19,0.871,0.876,0.859,0.876,20863,0.017,0.8723,0.42
2024-02-08,0.868,0.868,0.861,0.861,27700,0.007,0.8627,-0.2
2024-02-07,0.862,0.868,0.862,0.862,15866,0.006,0.8648,-0.32
2024-02-06,0.846,0.858,0.845,0.852,44810,0.013,0.8673,-1.76
2024-02-05,0.85,0.85,0.845,0.846,47246,0.005,0.8452,0.09
2024-02-02,0.86,0.86,0.85,0.85,6698,0.01,0.8468,0.38
2024-02-01,0.85,0.851,0.85,0.851,182809,0.001,0.8494,0.19
2024-01-31,0.858,0.871,0.845,0.85,60400,0.026,0.8501,-0.01
2024-01-30,0.884,0.884,0.861,0.861,70095,0.023,0.8571,0.46
2024-01-29,0.867,0.895,0.867,0.884,206600,0.028,0.8745,1.09
2024-01-26,0.862,0.889,0.862,0.867,144930,0.027,0.8699,-0.33
2024-01-25,0.858,0.886,0.858,0.881,90995,0.028,0.8749,0.7
2024-01-24,0.833,0.846,0.83,0.846,163798,0.016,0.8547,-1.02
2024-01-22,0.821,0.821,0.81,0.81,20700,0.011,0.8106,-0.07
2024-01-19,0.832,0.842,0.829,0.829,53700,0.013,0.831,-0.24
2024-01-18,0.825,0.845,0.825,0.827,66400,0.02,0.8366,-1.15
2024-01-17,0.848,0.86,0.834,0.834,16600,0.026,0.8259,0.98
2024-01-16,0.853,0.87,0.848,0.848,34400,0.022,0.8564,-0.98
2024-01-15,0.866,0.871,0.854,0.855,49203,0.017,0.8653,-1.19
2024-01-12,0.86,0.864,0.853,0.864,18060,0.011,0.8636,0.05
2024-01-10,0.865,0.865,0.858,0.86,12500,0.007,0.8528,0.84
2024-01-09,0.871,0.871,0.858,0.869,12744,0.013,0.8587,1.2
2024-01-08,0.876,0.888,0.864,0.873,32900,0.024,0.8706,0.28
2024-01-05,0.879,0.89,0.875,0.883,73301,0.015,0.8817,0.15
2024-01-04,0.869,0.887,0.869,0.884,92301,0.018,0.8788,0.59
2024-01-03,0.864,0.865,0.857,0.864,46000,0.008,0.8695,-0.63
2024-01-02,0.871,0.871,0.864,0.864,24600,0.007,0.8655,-0.17
2023-12-28,0.857,0.868,0.848,0.858,16600,0.02,0.8665,-0.98
2023-12-27,0.845,0.846,0.845,0.846,92200,0.001,0.8568,-1.26
2023-12-26,0.86,0.867,0.842,0.842,26501,0.025,0.8525,-1.23
2023-12-25,0.858,0.865,0.838,0.858,35200,0.027,0.8524,0.66
2023-12-22,0.843,0.855,0.843,0.845,24849,0.012,0.8526,-0.89
2023-12-21,0.83,0.832,0.83,0.832,200,0.002,0.8471,-1.78
2023-12-20,0.852,0.852,0.838,0.838,3800,0.014,0.8394,-0.17
2023-12-19,0.843,0.865,0.833,0.844,161600,0.032,0.8416,0.29
2023-12-18,0.844,0.844,0.837,0.837,23500,0.007,0.8457,-1.03
2023-12-15,0.829,0.847,0.818,0.839,134820,0.029,0.839,0.0
2023-12-14,0.817,0.849,0.782,0.818,67602,0.067,0.8207,-0.33
2023-12-13,0.822,0.858,0.802,0.82,109400,0.056,0.8147,0.65
2023-12-12,0.819,0.831,0.819,0.831,7803,0.012,0.8313,-0.04
2023-12-11,0.832,0.863,0.802,0.823,179700,0.061,0.8202,0.34
2023-12-08,0.834,0.873,0.824,0.836,98501,0.049,0.8233,1.54
2023-12-07,0.83,0.83,0.83,0.83,200,0.0,0.8243,0.69
2023-12-06,0.824,0.835,0.809,0.826,330057,0.026,0.8325,-0.78
2023-12-05,0.849,0.875,0.831,0.832,279561,0.044,0.8307,0.16
2023-12-04,0.847,0.852,0.835,0.848,120700,0.017,0.8411,0.82
2023-12-01,0.84,0.861,0.84,0.846,6095,0.021,0.8401,0.7
2023-11-30,0.834,0.847,0.834,0.837,173,0.013,0.8444,-0.88
2023-11-29,0.834,0.858,0.833,0.833,60711,0.025,0.8396,-0.79
2023-11-28,0.869,0.869,0.832,0.852,136474,0.037,0.8513,0.08
2023-11-27,0.856,0.856,0.853,0.853,3300,0.003,0.8554,-0.28
2023-11-23,0.87,0.87,0.849,0.858,15911,0.021,0.8624,-0.51
2023-11-22,0.857,0.857,0.853,0.853,6900,0.004,0.8557,-0.32
2023-11-21,0.857,0.863,0.857,0.857,800,0.006,0.857,0.0
2023-11-20,0.858,0.858,0.858,0.858,600,0.0,0.861,-0.35
2023-11-17,0.85,0.855,0.846,0.846,34982,0.009,0.8527,-0.79
2023-11-16,0.874,0.874,0.85,0.869,23500,0.024,0.8647,0.5
2023-11-15,0.849,0.874,0.849,0.873,35402,0.025,0.8695,0.4
2023-11-14,0.848,0.853,0.846,0.848,39602,0.007,0.8476,0.05
2023-11-10,0.83,0.833,0.83,0.833,302,0.003,0.8377,-0.56
2023-11-09,0.83,0.847,0.83,0.842,22154,0.017,0.8411,0.11
2023-11-08,0.844,0.85,0.824,0.844,70801,0.026,0.8391,0.58
2023-11-07,0.849,0.85,0.844,0.844,12400,0.006,0.8451,-0.13
2023-11-06,0.86,0.865,0.845,0.85,41502,0.02,0.8531,-0.36
2023-11-03,0.857,0.861,0.851,0.86,30408,0.01,0.8598,0.02
2023-11-02,0.85,0.858,0.85,0.858,20100,0.008,0.8515,0.76
2023-11-01,0.837,0.851,0.837,0.851,37800,0.014,0.8469,0.48
2023-10-31,0.84,0.848,0.84,0.847,49032,0.008,0.8455,0.18
2023-10-30,0.851,0.851,0.824,0.84,16000,0.027,0.8515,-1.35
2023-10-27,0.852,0.858,0.841,0.849,69745,0.017,0.8589,-1.15
2023-10-26,0.842,0.842,0.831,0.842,38500,0.011,0.8482,-0.73
2023-10-25,0.846,0.859,0.846,0.851,50260,0.013,0.8468,0.5
2023-10-24,0.85,0.865,0.843,0.848,65102,0.022,0.8466,0.17
2023-10-23,0.842,0.862,0.842,0.862,200,0.02,0.8538,0.96
2023-10-20,0.845,0.869,0.845,0.855,45701,0.024,0.8543,0.08
2023-10-19,0.872,0.872,0.866,0.866,9400,0.006,0.8565,1.11
2023-10-18,0.872,0.889,0.872,0.887,48801,0.017,0.8766,1.19
2023-10-17,0.889,0.889,0.871,0.884,11502,0.018,0.8789,0.58
2023-10-16,0.872,0.889,0.867,0.889,6701,0.022,0.8751,1.59
2023-10-13,0.878,0.887,0.878,0.878,5900,0.009,0.877,0.11
2023-10-12,0.876,0.894,0.876,0.893,93600,0.018,0.8856,0.84
2023-10-11,0.875,0.882,0.875,0.876,34833,0.007,0.8716,0.5
2023-10-10,0.882,0.882,0.874,0.876,6081,0.008,0.8707,0.61
2023-10-09,0.881,0.909,0.857,0.898,30801,0.052,0.8766,2.44
2023-09-28,0.909,0.909,0.882,0.882,200,0.027,0.8857,-0.42
2023-09-27,0.882,0.906,0.882,0.888,11335,0.024,0.8852,0.32
2023-09-26,0.909,0.91,0.883,0.902,123201,0.027,0.8848,1.94
2023-09-25,0.912,0.912,0.889,0.905,77200,0.023,0.8967,0.93
2023-09-22,0.911,0.911,0.879,0.896,249600,0.032,0.8987,-0.3
2023-09-21,0.897,0.897,0.897,0.897,23000,0.0,0.8896,0.83
2023-09-20,0.897,0.897,0.897,0.897,10000,0.0,0.8968,0.02
2023-09-19,0.894,0.895,0.894,0.895,1300,0.001,0.8986,-0.4
2023-09-18,0.892,0.892,0.892,0.892,100,0.0,0.8843,0.87
2023-09-15,0.879,0.893,0.879,0.885,8200,0.014,0.8899,-0.55
2023-09-14,0.878,0.882,0.878,0.88,5800,0.004,0.8845,-0.51
2023-09-13,0.882,0.882,0.882,0.882,100,0.0,0.869,1.5
2023-09-12,0.879,0.879,0.879,0.879,100,0.0,0.8707,0.95
2023-09-11,0.873,0.886,0.873,0.876,6907,0.013,0.8834,-0.84
2023-09-08,0.886,0.886,0.869,0.876,6101,0.017,0.8839,-0.89
2023-09-07,0.862,0.887,0.862,0.88,3701,0.025,0.8816,-0.18
2023-09-06,0.89,0.89,0.881,0.884,3501,0.009,0.884,0.0
2023-09-05,0.892,0.892,0.878,0.884,17580,0.014,0.8832,0.09
2023-09-04,0.879,0.885,0.873,0.882,15645,0.012,0.8919,-1.11
2023-09-01,0.848,0.892,0.848,0.864,37148,0.044,0.8646,-0.07
2023-08-31,0.885,0.885,0.855,0.862,1800,0.03,0.8649,-0.34
2023-08-30,0.868,0.872,0.868,0.872,1651,0.004,0.8689,0.36
2023-08-29,0.892,0.892,0.866,0.875,6900,0.026,0.8717,0.38
2023-08-28,0.896,0.896,0.846,0.862,64806,0.05,0.8596,0.28
2023-08-25,0.862,0.864,0.857,0.857,126900,0.007,0.8529,0.48
2023-08-24,0.86,0.864,0.85,0.864,3738,0.014,0.8534,1.24
2023-08-23,0.856,0.86,0.856,0.86,4500,0.004,0.8517,0.97
2023-08-22,0.895,0.895,0.848,0.859,43500,0.047,0.8503,1.02
2023-08-21,0.844,0.862,0.842,0.849,106600,0.02,0.84,1.07
2023-08-18,0.887,0.887,0.881,0.881,200,0.006,0.8576,2.73
2023-08-17,0.845,0.894,0.845,0.869,158259,0.049,0.8639,0.59
2023-08-16,0.872,0.874,0.872,0.873,8400,0.002,0.8673,0.66
2023-08-15,0.878,0.889,0.876,0.889,26900,0.013,0.8795,1.08
2023-08-11,0.905,0.925,0.883,0.889,83900,0.042,0.8878,0.14
2023-08-10,0.904,0.906,0.904,0.906,7400,0.002,0.8982,0.87
2023-08-09,0.899,0.899,0.896,0.896,2200,0.003,0.8954,0.07
2023-08-08,0.898,0.907,0.892,0.899,34136,0.015,0.8933,0.64
2023-08-07,0.892,0.902,0.892,0.898,84900,0.01,0.8921,0.66
2023-08-04,0.9,0.92,0.885,0.903,58300,0.035,0.8913,1.31
2023-08-03,0.903,0.903,0.881,0.9,800,0.022,0.8891,1.23
2023-08-01,0.903,0.903,0.903,0.903,100,0.0,0.9043,-0.14
2023-07-31,0.913,0.915,0.905,0.907,52000,0.01,0.9144,-0.81
2023-07-28,0.919,0.919,0.892,0.907,325302,0.027,0.9066,0.04
2023-07-27,0.914,0.914,0.892,0.912,170300,0.022,0.8977,1.59
2023-07-26,0.898,0.898,0.882,0.886,27600,0.016,0.8943,-0.93
2023-07-25,0.891,0.924,0.891,0.898,221133,0.033,0.8948,0.36
2023-07-24,0.866,0.866,0.849,0.849,2,0.017,0.8721,-2.65
2023-07-21,0.874,0.874,0.874,0.874,1,0.0,0.8843,-1.16
2023-07-20,0.883,0.885,0.883,0.885,17000,0.002,0.8811,0.44
2023-07-19,0.861,0.884,0.861,0.884,26000,0.023,0.8802,0.43
2023-07-18,0.866,0.869,0.866,0.868,1901,0.003,0.8735,-0.63
2023-07-14,0.876,0.876,0.876,0.876,5000,0.0,0.8856,-1.08
2023-07-13,0.888,0.888,0.874,0.874,20800,0.014,0.8788,-0.55
2023-07-12,0.865,0.865,0.863,0.863,1200,0.002,0.8704,-0.85
2023-07-11,0.86,0.862,0.86,0.862,210,0.002,0.8677,-0.66
2023-07-10,0.874,0.874,0.856,0.856,600,0.018,0.866,-1.15
2023-07-07,0.871,0.886,0.866,0.866,52200,0.02,0.8708,-0.55
2023-07-06,0.876,0.878,0.876,0.878,57600,0.002,0.8773,0.08
2023-07-05,0.897,0.897,0.897,0.897,800,0.0,0.8904,0.74
2023-07-04,0.892,0.892,0.892,0.892,104700,0.0,0.8992,-0.8
2023-07-03,0.885,0.9,0.883,0.892,1300,0.017,0.8978,-0.65
2023-06-30,0.882,0.885,0.879,0.884,10400,0.006,0.8833,0.08
2023-06-29,0.865,0.865,0.865,0.865,10000,0.0,0.874,-1.03
2023-06-27,0.869,0.885,0.867,0.875,9500,0.018,0.8782,-0.36
2023-06-26,0.852,0.875,0.852,0.852,24200,0.023,0.8618,-1.14
2023-06-21,0.855,0.884,0.855,0.863,92500,0.029,0.8739,-1.25
2023-06-20,0.892,0.892,0.874,0.884,107300,0.018,0.8798,0.48
2023-06-19,0.89,0.89,0.879,0.879,3800,0.011,0.8843,-0.6
2023-06-16,0.896,0.896,0.88,0.892,234003,0.016,0.8893,0.3
2023-06-15,0.881,0.897,0.881,0.886,9400,0.016,0.8835,0.28
2023-06-14,0.883,0.883,0.875,0.879,75345,0.008,0.8775,0.17
2023-06-13,0.874,0.876,0.874,0.876,3150,0.002,0.8816,-0.64
2023-06-12,0.886,0.886,0.883,0.884,9200,0.003,0.8856,-0.18
2023-06-09,0.896,0.896,0.883,0.886,59000,0.013,0.8903,-0.48
2023-06-08,0.879,0.886,0.869,0.885,248310,0.017,0.8887,-0.42
2023-06-07,0.868,0.868,0.868,0.868,2000,0.0,0.8747,-0.77
2023-06-06,0.879,0.884,0.869,0.869,84697,0.015,0.8712,-0.25
2023-06-05,0.864,0.872,0.862,0.872,289546,0.01,0.8671,0.57
2023-06-02,0.874,0.874,0.856,0.856,17100,0.018,0.8659,-1.14
2023-06-01,0.85,0.851,0.85,0.851,11700,0.001,0.8494,0.19
2023-05-31,0.848,0.86,0.848,0.852,42900,0.012,0.8496,0.28
2023-05-30,0.865,0.875,0.857,0.857,22000,0.018,0.8698,-1.47
2023-05-29,0.87,0.873,0.87,0.873,3800,0.003,0.8754,-0.27
2023-05-26,0.862,0.879,0.862,0.879,170389,0.017,0.8781,0.1
2023-05-25,0.91,0.91,0.866,0.88,98974,0.044,0.8762,0.43
2023-05-24,0.901,0.901,0.88,0.88,508662,0.021,0.8916,-1.3
2023-05-23,0.92,0.92,0.916,0.917,321000,0.004,0.9051,1.31
2023-05-22,0.923,0.923,0.908,0.917,8767,0.015,0.9162,0.09
2023-05-19,0.934,0.934,0.908,0.918,11886,0.026,0.9159,0.23
2023-05-18,0.917,0.92,0.91,0.911,657346,0.01,0.9168,-0.63
2023-05-17,0.902,0.944,0.902,0.917,22558,0.042,0.9022,1.64
2023-05-16,0.949,0.949,0.917,0.938,153826,0.032,0.9159,2.41
2023-05-15,0.928,0.93,0.903,0.911,45300,0.027,0.9213,-1.12
2023-05-12,0.939,0.939,0.909,0.914,49600,0.03,0.9124,0.18
2023-05-11,0.957,0.957,0.93,0.937,61200,0.027,0.9292,0.84
2023-05-09,0.942,0.958,0.941,0.941,50399,0.017,0.9409,0.01
2023-05-08,0.952,0.952,0.943,0.949,106394,0.009,0.9466,0.25
2023-05-04,0.929,0.97,0.929,0.955,38189,0.041,0.9156,4.3
2023-04-28,0.924,0.924,0.904,0.919,40734,0.02,0.9079,1.22
2023-04-27,0.929,0.932,0.885,0.902,14100,0.047,0.8999,0.23
2023-04-26,0.887,0.887,0.887,0.887,8500,0.0,0.899,-1.33
2023-04-25,0.892,0.912,0.892,0.892,20268,0.02,0.8971,-0.57
2023-04-24,0.912,0.915,0.912,0.912,101255,0.003,0.9044,0.84
2023-04-21,0.908,0.91,0.908,0.908,18500,0.002,0.9058,0.24
2023-04-19,0.929,0.929,0.917,0.918,178581,0.012,0.9113,0.74
2023-04-18,0.918,0.92,0.917,0.92,13500,0.003,0.9193,0.08
2023-04-17,0.9,0.917,0.897,0.91,51300,0.02,0.9183,-0.9
2023-04-14,0.891,0.897,0.874,0.892,130100,0.023,0.9015,-1.05
2023-04-13,0.883,0.894,0.883,0.883,18068,0.011,0.8905,-0.84
2023-04-12,0.88,0.897,0.88,0.883,133132,0.017,0.8895,-0.73
2023-04-11,0.861,0.88,0.861,0.878,14900,0.019,0.8812,-0.36
2023-04-10,0.871,0.878,0.86,0.863,11532,0.018,0.8714,-0.96
2023-04-07,0.86,0.896,0.86,0.87,42298,0.036,0.8724,-0.28
2023-04-06,0.89,0.89,0.865,0.876,20998,0.025,0.8713,0.54
2023-04-04,0.879,0.896,0.879,0.892,212911,0.017,0.8741,2.05
2023-04-03,0.87,0.881,0.856,0.872,69093,0.025,0.8678,0.48
2023-03-31,0.876,0.876,0.87,0.87,20700,0.006,0.8694,0.07
2023-03-30,0.878,0.884,0.858,0.867,95644,0.026,0.8742,-0.82
2023-03-29,0.86,0.869,0.857,0.866,17700,0.012,0.8649,0.13
2023-03-28,0.857,0.858,0.857,0.858,110500,0.001,0.8643,-0.73
2023-03-27,0.87,0.87,0.856,0.856,13500,0.014,0.8554,0.07
2023-03-24,0.892,0.893,0.865,0.87,99576,0.028,0.865,0.58
2023-03-23,0.867,0.871,0.866,0.868,72748,0.005,0.8785,-1.2
2023-03-22,0.866,0.899,0.861,0.866,7541,0.038,0.8617,0.5
2023-03-20,0.874,0.875,0.874,0.874,65900,0.001,0.854,2.34
2023-03-17,0.857,0.894,0.856,0.874,254051,0.038,0.8755,-0.17
2023-03-16,0.896,0.896,0.859,0.859,69296,0.037,0.8601,-0.13
2023-03-15,0.855,0.887,0.855,0.871,34162,0.032,0.8707,0.03
2023-03-14,0.898,0.902,0.875,0.875,15100,0.027,0.8569,2.11
2023-03-13,0.863,0.867,0.858,0.867,3800,0.009,0.8785,-1.31
2023-03-10,0.898,0.906,0.865,0.865,86461,0.041,0.8651,-0.01
2023-03-09,0.868,0.89,0.868,0.888,23600,0.022,0.8816,0.73
2023-03-08,0.866,0.89,0.865,0.868,24400,0.025,0.8839,-1.8
2023-03-07,0.883,0.905,0.883,0.893,54900,0.022,0.8892,0.43
2023-03-06,0.881,0.881,0.881,0.881,6000,0.0,0.8848,-0.43
2023-03-03,0.87,0.88,0.87,0.88,20200,0.01,0.8811,-0.12
2023-03-02,0.857,0.869,0.857,0.868,39122,0.012,0.8686,-0.07
2023-02-28,0.843,0.843,0.843,0.843,9900,0.0,0.8375,0.66
2023-02-27,0.855,0.855,0.846,0.846,6100,0.009,0.8456,0.05
2023-02-23,0.85,0.9,0.85,0.852,103372,0.05,0.8562,-0.49
2023-02-22,0.853,0.853,0.85,0.852,63600,0.003,0.8531,-0.13
2023-02-21,0.86,0.86,0.853,0.853,31100,0.007,0.8557,-0.32
2023-02-20,0.856,0.856,0.839,0.853,129324,0.017,0.8527,0.04
2023-02-17,0.832,0.854,0.832,0.848,164500,0.022,0.8385,1.13
2023-02-16,0.845,0.849,0.833,0.846,977566,0.016,0.836,1.2
2023-02-14,0.834,0.836,0.834,0.836,700,0.002,0.842,-0.71
2023-02-13,0.841,0.841,0.841,0.841,18300,0.0,0.8437,-0.32
2023-02-09,0.84,0.84,0.84,0.84,10200,0.0,0.8493,-1.1
2023-02-08,0.83,0.847,0.83,0.84,7478,0.017,0.846,-0.71
2023-02-07,0.84,0.84,0.84,0.84,3300,0.0,0.8435,-0.41
2023-02-06,0.863,0.863,0.829,0.839,345700,0.034,0.8356,0.41
2023-02-03,0.855,0.855,0.834,0.845,223100,0.021,0.8425,0.3
2023-02-02,0.857,0.86,0.847,0.853,106815,0.013,0.8518,0.14
2023-02-01,0.845,0.853,0.845,0.853,33806,0.008,0.8598,-0.79
2023-01-31,0.845,0.845,0.845,0.845,200,0.0,0.8479,-0.34
2023-01-30,0.857,0.857,0.848,0.849,30668,0.009,0.8506,-0.19
2023-01-20,0.845,0.856,0.845,0.853,18500,0.011,0.8579,-0.57
2023-01-19,0.829,0.849,0.829,0.845,67900,0.02,0.8438,0.14
2023-01-18,0.83,0.855,0.83,0.848,16500,0.025,0.8427,0.63
2023-01-17,0.846,0.846,0.839,0.839,57300,0.007,0.8357,0.39
2023-01-16,0.855,0.855,0.854,0.854,200,0.001,0.8438,1.21
2023-01-13,0.856,0.856,0.833,0.847,1361,0.023,0.8398,0.86
2023-01-12,0.845,0.845,0.845,0.845,2100,0.0,0.841,0.48
2023-01-11,0.834,0.857,0.834,0.845,16112,0.023,0.8357,1.11
2023-01-10,0.824,0.835,0.824,0.833,11800,0.011,0.8276,0.65
2023-01-09,0.829,0.835,0.829,0.835,47900,0.006,0.8357,-0.08
2023-01-06,0.828,0.832,0.828,0.829,6100,0.004,0.8313,-0.28
2023-01-05,0.834,0.834,0.83,0.832,106625,0.004,0.8288,0.39
2023-01-04,0.837,0.837,0.829,0.83,76100,0.008,0.8374,-0.88
2023-01-03,0.834,0.834,0.825,0.83,30800,0.009,0.8346,-0.55
2022-12-30,0.828,0.839,0.825,0.838,47500,0.014,0.8269,1.34
2022-12-29,0.829,0.855,0.827,0.842,50442,0.028,0.8254,2.01
2022-12-28,0.823,0.853,0.823,0.848,126100,0.03,0.8331,1.79
2022-12-27,0.842,0.842,0.818,0.838,24800,0.024,0.8197,2.23
2022-12-26,0.812,0.85,0.812,0.828,25900,0.038,0.8223,0.69
2022-12-23,0.841,0.842,0.835,0.835,23900,0.007,0.8231,1.45
2022-12-22,0.842,0.842,0.823,0.836,52800,0.019,0.8319,0.49
2022-12-21,0.839,0.84,0.82,0.831,75600,0.02,0.8269,0.5
2022-12-20,0.828,0.853,0.819,0.84,35400,0.034,0.8279,1.46
2022-12-19,0.846,0.875,0.833,0.833,145800,0.042,0.8349,-0.23
2022-12-16,0.841,0.857,0.841,0.856,82100,0.016,0.856,0.0
2022-12-15,0.836,0.838,0.836,0.838,19700,0.002,0.8433,-0.63
2022-12-14,0.846,0.909,0.835,0.845,76300,0.074,0.8499,-0.58
2022-12-13,0.838,0.856,0.838,0.847,97489,0.018,0.85,-0.35
2022-12-12,0.855,0.857,0.838,0.839,24600,0.019,0.8484,-1.11
2022-12-09,0.827,0.855,0.827,0.855,359259,0.028,0.8592,-0.49
2022-12-08,0.812,0.818,0.81,0.812,55300,0.008,0.8224,-1.26
2022-12-07,0.813,0.814,0.813,0.813,600,0.001,0.808,0.62
2022-12-06,0.816,0.827,0.815,0.827,54000,0.012,0.8344,-0.89
2022-12-05,0.8,0.817,0.8,0.816,56118,0.017,0.828,-1.45
2022-12-02,0.814,0.815,0.798,0.799,251374,0.017,0.803,-0.5
2022-12-01,0.83,0.832,0.818,0.818,312759,0.014,0.8233,-0.64
2022-11-30,0.824,0.835,0.824,0.826,47271,0.011,0.8387,-1.51
2022-11-29,0.813,0.83,0.809,0.824,66700,0.021,0.8335,-1.14
2022-11-28,0.799,0.813,0.792,0.797,68700,0.021,0.8055,-1.06
2022-11-25,0.8,0.814,0.8,0.814,144000,0.014,0.8214,-0.9
2022-11-24,0.784,0.798,0.784,0.798,17082,0.014,0.8047,-0.83
2022-11-23,0.79,0.79,0.786,0.786,37700,0.004,0.7877,-0.22
2022-11-22,0.772,0.798,0.77,0.784,185600,0.028,0.7869,-0.37
2022-11-21,0.768,0.794,0.768,0.781,14900,0.026,0.7829,-0.24
2022-11-18,0.787,0.797,0.785,0.785,29100,0.012,0.7844,0.08
2022-11-17,0.795,0.795,0.78,0.789,91189,0.015,0.79,-0.13
2022-11-16,0.801,0.807,0.786,0.791,44700,0.021,0.7933,-0.29
2022-11-15,0.77,0.803,0.766,0.801,323216,0.037,0.8061,-0.63
2022-11-14,0.77,0.81,0.77,0.782,315184,0.04,0.7929,-1.37
2022-11-11,0.745,0.761,0.741,0.761,756489,0.02,0.7713,-1.34
2022-11-10,0.733,0.733,0.718,0.721,10400,0.015,0.7287,-1.06
2022-11-09,0.727,0.766,0.727,0.734,295635,0.039,0.7393,-0.72
2022-11-08,0.723,0.727,0.723,0.726,23000,0.004,0.7279,-0.26
2022-11-07,0.714,0.729,0.714,0.726,84600,0.015,0.7312,-0.71
2022-11-04,0.698,0.727,0.698,0.717,466127,0.029,0.7123,0.66
2022-11-03,0.69,0.696,0.68,0.693,14600,0.016,0.6868,0.9
2022-11-02,0.686,0.698,0.686,0.693,15300,0.012,0.6941,-0.16
2022-11-01,0.675,0.706,0.675,0.699,145845,0.031,0.6831,2.33
2022-10-31,0.693,0.693,0.677,0.677,97499,0.016,0.6652,1.77
2022-10-28,0.71,0.71,0.693,0.693,41900,0.017,0.6924,0.09
2022-10-27,0.714,0.718,0.71,0.71,26497,0.008,0.7064,0.51
2022-10-26,0.708,0.728,0.708,0.71,131409,0.02,0.7073,0.38
2022-10-25,0.722,0.722,0.687,0.717,112516,0.035,0.7063,1.51
2022-10-24,0.72,0.735,0.718,0.73,144518,0.017,0.7,4.29
2022-10-21,0.74,0.747,0.719,0.738,168441,0.028,0.7283,1.33
2022-10-20,0.731,0.736,0.722,0.727,104744,0.014,0.7236,0.47
2022-10-19,0.74,0.748,0.734,0.735,88252,0.014,0.7264,1.18
2022-10-18,0.733,0.746,0.733,0.745,203147,0.013,0.7329,1.65
2022-10-17,0.729,0.737,0.719,0.734,165529,0.018,0.7265,1.03
2022-10-14,0.731,0.75,0.731,0.74,292474,0.019,0.7257,1.97
2022-10-13,0.8,0.8,0.721,0.751,122384,0.079,0.7194,4.39
2022-10-12,0.732,0.8,0.712,0.8,353197,0.088,0.7269,10.06
2022-10-11,0.733,0.75,0.733,0.733,53500,0.017,0.7323,0.1
2022-10-10,0.748,0.759,0.734,0.736,132100,0.025,0.7381,-0.28
2022-09-30,0.76,0.819,0.733,0.748,138900,0.086,0.7428,0.7
2022-09-29,0.764,0.764,0.745,0.745,60946,0.019,0.7339,1.51
2022-09-28,0.77,0.771,0.75,0.751,99300,0.021,0.7471,0.52
2022-09-27,0.785,0.785,0.77,0.779,20900,0.015,0.7736,0.7
2022-09-26,0.789,0.805,0.774,0.774,30300,0.031,0.7707,0.43
2022-09-23,0.804,0.805,0.775,0.788,41300,0.03,0.7869,0.14
2022-09-22,0.803,0.804,0.803,0.804,22586,0.001,0.7976,0.8
2022-09-21,0.801,0.814,0.792,0.814,69300,0.022,0.7989,1.89
2022-09-20,0.808,0.819,0.8,0.8,4400,0.019,0.8071,-0.88
2022-09-19,0.821,0.821,0.808,0.808,16900,0.013,0.8048,0.4
2022-09-16,0.82,0.823,0.809,0.822,69003,0.014,0.8175,0.55
2022-09-15,0.834,0.835,0.745,0.748,81660,0.09,0.8272,-9.57
2022-09-14,0.81,0.825,0.81,0.824,3163,0.015,0.8227,0.16
2022-09-13,0.838,0.838,0.817,0.825,13200,0.021,0.8282,-0.39
2022-09-09,0.809,0.825,0.809,0.825,19600,0.016,0.8272,-0.27
2022-09-08,0.813,0.813,0.813,0.813,100,0.0,0.8108,0.27
2022-09-07,0.813,0.813,0.813,0.813,23,0.0,0.8236,-1.29
2022-09-06,0.826,0.826,0.826,0.826,3000,0.0,0.8283,-0.28
2022-09-05,0.814,0.819,0.81,0.819,51000,0.009,0.8222,-0.39
2022-09-02,0.818,0.819,0.814,0.814,4400,0.005,0.8112,0.35
2022-09-01,0.843,0.843,0.82,0.826,134800,0.023,0.8234,0.32
2022-08-31,0.827,0.841,0.812,0.821,151336,0.029,0.8259,-0.59
2022-08-30,0.844,0.844,0.828,0.83,65100,0.016,0.8338,-0.46
2022-08-29,0.83,0.83,0.817,0.817,52400,0.013,0.8352,-2.18
2022-08-26,0.835,0.835,0.829,0.832,5900,0.006,0.8358,-0.45
2022-08-25,0.807,0.829,0.807,0.829,212200,0.022,0.8341,-0.61
2022-08-24,0.819,0.819,0.799,0.799,92300,0.02,0.8187,-2.41
2022-08-23,0.808,0.828,0.808,0.827,103548,0.02,0.8261,0.11
2022-08-22,0.813,0.813,0.791,0.813,56800,0.022,0.8201,-0.87
2022-08-19,0.816,0.816,0.802,0.804,27228,0.014,0.8145,-1.29
2022-08-18,0.807,0.807,0.799,0.805,2400,0.008,0.8013,0.46
2022-08-17,0.798,0.829,0.798,0.809,126095,0.031,0.8103,-0.16
2022-08-16,0.81,0.818,0.802,0.805,3535,0.016,0.8035,0.19
2022-08-15,0.815,0.815,0.798,0.801,23814,0.017,0.7996,0.18
2022-08-12,0.796,0.821,0.795,0.819,78573,0.026,0.8079,1.37
2022-08-11,0.804,0.804,0.792,0.798,19200,0.012,0.7953,0.34
2022-08-10,0.785,0.834,0.785,0.808,96800,0.049,0.7851,2.92
2022-08-09,0.806,0.806,0.806,0.806,18000,0.0,0.7948,1.41
2022-08-05,0.775,0.807,0.775,0.806,107642,0.032,0.7863,2.51
2022-08-04,0.8,0.801,0.783,0.793,12916,0.018,0.7862,0.86
2022-08-03,0.783,0.783,0.782,0.782,4700,0.001,0.7842,-0.28
2022-08-02,0.793,0.793,0.785,0.788,12459,0.008,0.7818,0.79
2022-08-01,0.803,0.827,0.791,0.799,109432,0.036,0.7977,0.16
2022-07-29,0.808,0.809,0.808,0.808,7600,0.001,0.8028,0.65
2022-07-28,0.819,0.825,0.809,0.825,67865,0.016,0.8142,1.33
2022-07-26,0.803,0.818,0.803,0.818,5200,0.015,0.8176,0.05
2022-07-22,0.81,0.81,0.804,0.805,8200,0.006,0.8036,0.17
2022-07-21,0.818,0.818,0.81,0.81,8500,0.008,0.8098,0.02
2022-07-20,0.82,0.82,0.82,0.82,8200,0.0,0.8228,-0.34
2022-07-19,0.817,0.82,0.817,0.817,5000,0.003,0.8196,-0.32
2022-07-18,0.813,0.815,0.807,0.814,9000,0.008,0.8192,-0.63
2022-07-15,0.799,0.815,0.799,0.803,10900,0.016,0.7987,0.54
2022-07-14,0.809,0.819,0.803,0.805,17154,0.016,0.8055,-0.06
2022-07-13,0.829,0.835,0.812,0.827,32019,0.023,0.8115,1.91
2022-07-12,0.835,0.846,0.835,0.84,93000,0.011,0.8235,2.0
2022-07-11,0.849,0.849,0.808,0.809,259400,0.041,0.8396,-3.64
2022-07-08,0.84,0.846,0.8,0.802,89200,0.046,0.8532,-6.0
2022-07-07,0.835,0.835,0.829,0.834,2534,0.006,0.8457,-1.38
2022-07-06,0.855,0.855,0.834,0.844,22800,0.021,0.8439,0.01
2022-07-05,0.853,0.864,0.84,0.855,131200,0.024,0.8599,-0.57
2022-07-04,0.854,0.859,0.821,0.822,102800,0.038,0.8578,-4.17
2022-07-01,0.859,0.859,0.859,0.859,7500,0.0,0.8673,-0.96
2022-06-29,0.861,0.861,0.858,0.858,900,0.003,0.8693,-1.3
2022-06-28,0.86,0.871,0.854,0.856,109030,0.017,0.8787,-2.58
2022-06-27,0.835,0.857,0.835,0.857,48615,0.022,0.8626,-0.65
2022-06-24,0.836,0.86,0.836,0.84,52581,0.024,0.8492,-1.08
2022-06-23,0.862,0.862,0.841,0.855,6342,0.021,0.8531,0.22
2022-06-22,0.87,0.884,0.842,0.842,91934,0.042,0.8436,-0.19
2022-06-21,0.871,0.948,0.839,0.87,247600,0.109,0.8535,1.93
2022-06-20,0.847,0.869,0.818,0.863,113200,0.051,0.8471,1.88
2022-06-17,0.848,0.871,0.848,0.87,134500,0.023,0.8508,2.26
2022-06-16,0.865,0.882,0.86,0.882,16900,0.022,0.8573,2.88
2022-06-15,0.879,0.895,0.879,0.895,42000,0.016,0.8858,1.04
2022-06-14,0.89,0.896,0.873,0.885,112800,0.023,0.8953,-1.15
2022-06-13,0.88,0.894,0.876,0.89,24200,0.018,0.8876,0.27
2022-06-10,0.883,0.903,0.874,0.886,70300,0.029,0.896,-1.12
2022-06-09,0.907,0.907,0.878,0.9,107300,0.029,0.9052,-0.57
2022-06-08,0.875,0.899,0.875,0.898,200900,0.024,0.9043,-0.7
2022-06-07,0.9,0.96,0.878,0.878,237491,0.082,0.8882,-1.15
2022-06-06,0.879,0.891,0.879,0.891,74000,0.012,0.8914,-0.04
2022-06-02,0.877,0.897,0.877,0.895,63100,0.02,0.8981,-0.35
2022-06-01,0.879,0.904,0.873,0.873,55900,0.031,0.8987,-2.86
2022-05-31,0.975,0.975,0.869,0.897,53119,0.106,0.8946,0.27
2022-05-30,0.879,0.898,0.878,0.889,93223,0.02,0.8871,0.21
2022-05-27,0.891,0.892,0.86,0.861,63200,0.032,0.896,-3.91
2022-05-26,0.866,0.891,0.854,0.891,154200,0.037,0.8834,0.86
2022-05-25,0.875,0.885,0.854,0.883,75700,0.031,0.8768,0.71
2022-05-24,0.882,0.882,0.83,0.831,45400,0.052,0.866,-4.04
2022-05-23,0.888,0.888,0.867,0.879,116700,0.021,0.8701,1.02
2022-05-20,0.851,0.884,0.82,0.821,122891,0.064,0.878,-6.49
2022-05-19,0.85,0.85,0.82,0.827,53000,0.03,0.8607,-3.92
2022-05-18,0.856,0.864,0.848,0.854,80891,0.016,0.8646,-1.23
2022-05-17,0.852,0.868,0.849,0.868,233700,0.019,0.8636,0.51
2022-05-16,0.843,0.85,0.843,0.85,47700,0.007,0.8544,-0.51
2022-05-13,0.83,0.844,0.83,0.844,7983,0.014,0.8487,-0.55
2022-05-12,0.824,0.835,0.824,0.835,5000,0.011,0.8262,1.07
2022-05-11,0.827,0.843,0.827,0.843,2500,0.016,0.8385,0.54
2022-05-10,0.826,0.827,0.826,0.827,3700,0.001,0.8353,-0.99
2022-05-09,0.82,0.825,0.82,0.825,4700,0.005,0.8431,-2.15
2022-05-06,0.847,0.847,0.844,0.844,4700,0.003,0.8367,0.87
2022-05-05,0.847,0.847,0.847,0.847,4500,0.0,0.8521,-0.6
2022-04-29,0.834,0.869,0.834,0.86,12600,0.035,0.8672,-0.83
2022-04-28,0.85,0.85,0.85,0.85,2200,0.0,0.8561,-0.71
2022-04-27,0.82,0.837,0.811,0.837,5000,0.026,0.8346,0.29
2022-04-26,0.825,0.825,0.825,0.825,800,0.0,0.8253,-0.04
2022-04-25,0.846,0.847,0.822,0.825,5700,0.025,0.8238,0.15
2022-04-22,0.849,0.849,0.849,0.849,100,0.0,0.8509,-0.22
2022-04-21,0.845,0.855,0.834,0.836,44053,0.021,0.8373,-0.16
2022-04-20,0.873,0.873,0.846,0.846,4100,0.027,0.8468,-0.09
2022-04-19,0.849,0.853,0.849,0.852,13300,0.004,0.8632,-1.3
2022-04-15,0.875,0.875,0.857,0.875,2100,0.018,0.8778,-0.32
2022-04-14,0.861,0.875,0.861,0.875,55741,0.014,0.8738,0.14
2022-04-13,0.846,0.872,0.846,0.862,74557,0.026,0.8649,-0.34
2022-04-12,0.839,0.856,0.833,0.856,21783,0.023,0.8522,0.45
2022-04-08,0.863,0.863,0.862,0.862,7000,0.001,0.876,-1.6
2022-04-07,0.854,0.854,0.854,0.854,22900,0.0,0.8659,-1.37
2022-04-06,0.862,0.881,0.862,0.875,34206,0.019,0.8804,-0.61
2022-04-01,0.876,0.876,0.85,0.866,6000,0.026,0.8677,-0.2
2022-03-31,0.854,0.877,0.852,0.86,32346,0.025,0.8565,0.41
2022-03-30,0.852,0.852,0.85,0.852,6500,0.002,0.8657,-1.58
2022-03-28,0.898,0.898,0.851,0.851,17871,0.047,0.8516,-0.07
2022-03-25,0.849,0.85,0.849,0.849,132232,0.001,0.8457,0.39
2022-03-24,0.848,0.849,0.847,0.847,3200,0.002,0.8514,-0.52
2022-03-23,0.84,0.848,0.836,0.846,18100,0.012,0.8482,-0.26
2022-03-22,0.831,0.839,0.831,0.839,136944,0.008,0.8506,-1.36
2022-03-21,0.842,0.842,0.831,0.831,16500,0.011,0.827,0.48
2022-03-18,0.807,0.839,0.807,0.838,16400,0.032,0.8332,0.58
2022-03-17,0.781,0.805,0.777,0.805,58981,0.028,0.8253,-2.46
2022-03-16,0.75,0.793,0.741,0.761,104916,0.052,0.7649,-0.51
2022-03-15,0.746,0.785,0.742,0.776,160562,0.043,0.7253,6.99
2022-03-14,0.788,0.816,0.788,0.789,91322,0.028,0.7787,1.32
2022-03-11,0.818,0.83,0.8,0.823,24800,0.03,0.8245,-0.18
2022-03-10,0.83,0.845,0.81,0.816,56700,0.035,0.8341,-2.17
2022-03-09,0.842,0.842,0.82,0.82,10167,0.022,0.8245,-0.55
2022-03-08,0.844,0.852,0.843,0.843,33868,0.009,0.8311,1.43
2022-03-07,0.856,0.871,0.852,0.855,21668,0.019,0.8616,-0.77
2022-03-04,0.87,0.877,0.862,0.877,9100,0.015,0.8724,0.53
2022-03-03,0.87,0.885,0.87,0.874,50218,0.015,0.8782,-0.48
2022-03-02,0.87,0.879,0.859,0.866,15600,0.02,0.8646,0.16
2022-03-01,0.86,0.869,0.86,0.869,6400,0.009,0.8687,0.03
2022-02-28,0.865,0.865,0.844,0.865,128274,0.021,0.8624,0.3
2022-02-25,0.883,0.883,0.849,0.865,33400,0.034,0.8613,0.43
2022-02-24,0.917,0.917,0.873,0.883,32000,0.044,0.8686,1.66
2022-02-23,0.9,0.943,0.888,0.899,29568,0.055,0.8893,1.09
2022-02-22,0.914,0.914,0.909,0.909,2300,0.005,0.9022,0.75
2022-02-21,0.931,0.931,0.902,0.902,1000,0.029,0.9074,-0.6
2022-02-18,0.906,0.927,0.888,0.906,62995,0.039,0.909,-0.33
2022-02-17,0.909,0.915,0.906,0.906,46100,0.009,0.9026,0.38
2022-02-16,0.919,0.931,0.902,0.905,67285,0.029,0.9021,0.32
2022-02-15,0.9,0.92,0.89,0.918,58009,0.03,0.8974,2.3
2022-02-14,0.931,0.931,0.905,0.917,40500,0.026,0.9061,1.2
2022-02-11,0.912,0.94,0.912,0.933,26789,0.028,0.9253,0.83
2022-02-10,0.911,0.921,0.877,0.903,27800,0.044,0.9158,-1.4
2022-02-09,0.89,0.9,0.89,0.9,72724,0.01,0.8966,0.38
2022-02-08,0.877,0.888,0.877,0.888,5200,0.011,0.8858,0.25
2022-02-07,0.87,0.886,0.87,0.886,11528,0.016,0.8806,0.61
2022-01-28,0.858,0.86,0.85,0.855,12541,0.01,0.8478,0.85
2022-01-27,0.86,0.86,0.86,0.86,100,0.0,0.854,0.7
2022-01-25,0.87,0.88,0.866,0.866,15289,0.014,0.8627,0.38
2022-01-24,0.872,0.89,0.872,0.888,34791,0.018,0.8797,0.94
2022-01-21,0.889,0.889,0.885,0.889,13873,0.004,0.8911,-0.24
2022-01-20,0.888,0.889,0.88,0.889,51988,0.009,0.8851,0.44
2022-01-19,0.87,0.89,0.87,0.88,39661,0.02,0.8805,-0.06
2022-01-18,0.864,0.865,0.863,0.865,4500,0.002,0.8683,-0.38
2022-01-17,0.855,0.857,0.855,0.855,67745,0.002,0.8604,-0.63
2022-01-14,0.878,0.888,0.833,0.859,44041,0.055,0.87,-1.26
2022-01-13,0.866,0.874,0.866,0.874,125558,0.008,0.8734,0.07
2022-01-12,0.859,0.869,0.856,0.869,34164,0.013,0.8687,0.03
2022-01-11,0.843,0.866,0.843,0.86,23500,0.023,0.8635,-0.41
2022-01-10,0.87,0.885,0.856,0.863,26997,0.029,0.859,0.47
2022-01-07,0.848,0.88,0.848,0.869,8594,0.032,0.8453,2.8
2022-01-06,0.848,0.85,0.84,0.84,45400,0.01,0.8357,0.51
2022-01-05,0.835,0.848,0.835,0.848,35800,0.013,0.8414,0.78
2022-01-04,0.842,0.842,0.836,0.836,4300,0.006,0.8408,-0.57
2021-12-31,0.83,0.836,0.83,0.832,8800,0.006,0.8294,0.31
2021-12-30,0.825,0.828,0.825,0.828,34600,0.003,0.8258,0.27
2021-12-29,0.83,0.834,0.824,0.824,55200,0.01,0.8336,-1.15
2021-12-28,0.836,0.836,0.831,0.836,2300,0.005,0.8432,-0.85
2021-12-24,0.84,0.842,0.832,0.842,22767,0.01,0.8448,-0.33
2021-12-23,0.836,0.853,0.832,0.842,93000,0.021,0.845,-0.36
2021-12-22,0.837,0.837,0.824,0.824,24100,0.013,0.8291,-0.62
2021-12-21,0.828,0.837,0.823,0.837,7000,0.014,0.8308,0.75
2021-12-20,0.835,0.835,0.818,0.818,9900,0.017,0.824,-0.73
2021-12-17,0.839,0.844,0.836,0.836,29021,0.008,0.8419,-0.7
2021-12-16,0.824,0.842,0.815,0.839,54567,0.027,0.8493,-1.21
2021-12-15,0.84,0.84,0.822,0.824,9196,0.018,0.8272,-0.39
2021-12-14,0.849,0.866,0.823,0.828,50118,0.043,0.8172,1.32
2021-12-10,0.874,0.874,0.817,0.859,2000,0.057,0.8418,2.04
2021-12-09,0.849,0.849,0.849,0.849,21700,0.0,0.8518,-0.33
2021-12-08,0.846,0.847,0.842,0.842,7000,0.005,0.8463,-0.51
2021-12-07,0.837,0.837,0.837,0.837,400,0.0,0.8477,-1.26
2021-12-06,0.853,0.853,0.836,0.837,17200,0.017,0.8384,-0.17
2021-12-03,0.845,0.85,0.842,0.843,32300,0.008,0.8502,-0.85
2021-12-02,0.824,0.827,0.824,0.827,700,0.003,0.8334,-0.77
2021-12-01,0.816,0.816,0.814,0.815,11417,0.002,0.8224,-0.9
2021-11-30,0.811,0.811,0.806,0.806,38952,0.005,0.808,-0.25
2021-11-29,0.824,0.824,0.808,0.816,800,0.016,0.8152,0.1
2021-11-26,0.825,0.853,0.813,0.824,1800,0.04,0.8179,0.75
2021-11-25,0.832,0.833,0.832,0.832,26657,0.001,0.8412,-1.09
2021-11-24,0.83,0.846,0.8,0.844,28742,0.046,0.8388,0.62
2021-11-23,0.824,0.843,0.824,0.84,33600,0.019,0.8328,0.86
2021-11-19,0.831,0.831,0.826,0.826,600,0.005,0.8292,-0.39
2021-11-18,0.827,0.849,0.82,0.821,26000,0.029,0.8175,0.43
2021-11-17,0.817,0.827,0.817,0.827,70800,0.01,0.8272,-0.02
2021-11-16,0.827,0.827,0.827,0.827,21900,0.0,0.8289,-0.23
2021-11-15,0.815,0.827,0.815,0.827,5900,0.012,0.8235,0.43
2021-11-12,0.827,0.828,0.827,0.828,12000,0.001,0.8382,-1.22
2021-11-11,0.824,0.834,0.824,0.834,11900,0.01,0.8361,-0.25
2021-11-10,0.809,0.826,0.798,0.825,42915,0.028,0.8136,1.4
2021-11-09,0.799,0.811,0.794,0.81,15500,0.017,0.8063,0.46
2021-11-08,0.83,0.83,0.81,0.828,14600,0.02,0.8094,2.3
2021-11-05,0.822,0.842,0.81,0.842,2760,0.032,0.8043,4.69
2021-11-04,0.821,0.853,0.815,0.83,42953,0.038,0.826,0.48
2021-11-03,0.841,0.841,0.821,0.821,1000,0.02,0.8339,-1.55
2021-11-02,0.845,0.85,0.832,0.832,59379,0.018,0.824,0.97
2021-11-01,0.824,0.852,0.824,0.845,27300,0.028,0.8403,0.56
2021-10-29,0.866,0.891,0.835,0.858,64038,0.056,0.8358,2.66
2021-10-28,0.853,0.87,0.831,0.87,20400,0.039,0.8387,3.73
2021-10-27,0.864,0.882,0.838,0.853,49223,0.044,0.8458,0.85
2021-10-26,0.875,0.888,0.851,0.888,137040,0.037,0.8549,3.87
2021-10-25,0.868,0.896,0.868,0.896,28999,0.028,0.8742,2.49
2021-10-22,0.906,0.906,0.866,0.898,152000,0.04,0.8809,1.94
2021-10-21,0.871,0.939,0.871,0.939,16300,0.068,0.8771,7.06
2021-10-20,0.944,0.944,0.871,0.871,500,0.073,0.8705,0.06
2021-10-18,0.888,0.888,0.888,0.888,5600,0.0,0.8866,0.16
2021-10-15,0.87,0.87,0.87,0.87,19189,0.0,0.8738,-0.43
2021-10-14,0.863,0.864,0.863,0.864,5500,0.001,0.8719,-0.91
2021-10-13,0.861,0.944,0.861,0.863,37700,0.083,0.8741,-1.27
2021-09-23,0.898,0.898,0.89,0.89,4486,0.008,0.905,-1.66
2021-09-17,0.912,0.912,0.898,0.898,4200,0.014,0.8895,0.96
2021-09-16,0.911,0.911,0.89,0.892,37500,0.021,0.8941,-0.23
2021-09-15,0.922,0.922,0.922,0.922,1200,0.0,0.914,0.88
2021-09-14,0.95,0.95,0.922,0.922,160607,0.028,0.9307,-0.93
2021-09-13,0.938,0.938,0.938,0.938,900,0.0,0.9485,-1.11
2021-09-10,0.931,0.948,0.931,0.948,600,0.017,0.9383,1.03
2021-09-09,0.925,0.941,0.915,0.941,46284,0.026,0.9362,0.51
2021-09-08,0.935,0.944,0.935,0.944,9900,0.009,0.9395,0.48
2021-09-07,0.925,0.935,0.925,0.935,21878,0.01,0.9399,-0.52
2021-09-06,0.929,0.932,0.925,0.932,10200,0.007,0.9295,0.27
2021-09-03,0.928,0.938,0.927,0.929,13000,0.011,0.9336,-0.49
2021-09-01,0.919,0.919,0.908,0.916,32233,0.011,0.9199,-0.42
2021-08-31,0.901,0.912,0.901,0.912,397751,0.011,0.9243,-1.33
2021-08-30,0.893,0.899,0.893,0.897,41056,0.006,0.9077,-1.18
2021-08-27,0.88,0.88,0.88,0.88,500,0.0,0.8981,-2.02
2021-08-26,0.881,0.881,0.881,0.881,100,0.0,0.8897,-0.98
2021-08-25,0.871,0.895,0.871,0.881,4151,0.024,0.8928,-1.32
2021-08-24,0.889,0.889,0.869,0.879,940,0.02,0.8791,-0.01
2021-08-23,0.847,0.874,0.847,0.862,600,0.027,0.8695,-0.86
2021-08-20,0.859,0.886,0.847,0.847,300,0.039,0.8554,-0.98
2021-08-19,0.873,0.873,0.859,0.86,11446,0.014,0.8658,-0.67
2021-08-18,0.872,0.898,0.872,0.898,1200,0.026,0.8828,1.72
2021-08-17,0.885,0.885,0.872,0.872,2900,0.013,0.877,-0.57
2021-08-16,0.88,0.88,0.88,0.88,3200,0.0,0.8897,-1.09
2021-08-13,0.881,0.881,0.881,0.881,300,0.0,0.8905,-1.07
2021-08-12,0.889,0.89,0.889,0.89,5100,0.001,0.8975,-0.84
2021-08-11,0.902,0.902,0.888,0.894,34900,0.014,0.9011,-0.79
2021-08-10,0.864,0.896,0.864,0.866,5000,0.032,0.8825,-1.87
2021-08-09,0.885,0.885,0.882,0.882,700,0.003,0.8769,0.58
2021-08-06,0.869,0.869,0.869,0.869,100,0.0,0.8649,0.47
2021-08-05,0.884,0.887,0.869,0.869,2100,0.018,0.8666,0.28
2021-08-04,0.879,0.879,0.879,0.879,2000,0.0,0.8809,-0.22
2021-08-02,0.852,0.903,0.852,0.865,14700,0.051,0.8747,-1.11
2021-07-30,0.845,0.858,0.845,0.85,45500,0.013,0.8544,-0.51
2021-07-29,0.857,0.879,0.855,0.875,36548,0.024,0.8657,1.07
2021-07-28,0.857,0.88,0.841,0.879,84009,0.039,0.8546,2.86
2021-07-27,0.906,0.906,0.838,0.899,59216,0.068,0.843,6.64
2021-07-26,0.886,0.907,0.866,0.907,22592,0.041,0.8772,3.4
2021-07-23,0.917,0.921,0.894,0.9,10100,0.027,0.8964,0.4
2021-07-22,0.911,0.92,0.889,0.918,126058,0.031,0.9064,1.28
2021-07-21,0.886,0.969,0.886,0.969,14100,0.083,0.893,8.51
2021-07-20,0.895,0.915,0.895,0.915,5000,0.02,0.8953,2.2
2021-07-19,0.909,0.909,0.909,0.909,2500,0.0,0.9079,0.12
2021-07-15,0.929,0.929,0.907,0.927,10200,0.022,0.9208,0.67
2021-07-14,0.906,0.925,0.906,0.925,400,0.019,0.9139,1.21
2021-07-13,0.899,0.925,0.899,0.925,25711,0.026,0.9177,0.8
2021-07-12,0.917,0.917,0.903,0.903,189,0.014,0.9089,-0.65
2021-07-09,0.903,0.903,0.902,0.902,10000,0.001,0.9042,-0.24
2021-07-08,0.897,0.921,0.897,0.902,6373,0.024,0.9025,-0.06
2021-07-07,0.909,0.925,0.909,0.912,27684,0.016,0.9224,-1.13
2021-07-05,0.912,0.926,0.912,0.926,828,0.014,0.9236,0.26
2021-07-02,0.911,0.926,0.911,0.926,1211,0.015,0.9189,0.77
2021-07-01,0.91,0.91,0.91,0.91,1800,0.0,0.9222,-1.32
2021-06-30,0.912,0.93,0.912,0.923,15617,0.018,0.9209,0.23
2021-06-29,0.937,0.937,0.935,0.935,300,0.002,0.9251,1.07
2021-06-28,0.92,0.945,0.92,0.928,7600,0.025,0.9302,-0.24
2021-06-25,0.932,0.946,0.932,0.945,12600,0.014,0.9415,0.37
2021-06-24,0.919,0.934,0.919,0.934,44122,0.015,0.9365,-0.27
2021-06-23,0.911,0.911,0.911,0.911,15000,0.0,0.9251,-1.52
2021-06-22,0.904,0.908,0.904,0.908,15300,0.004,0.9142,-0.68
2021-06-21,0.911,0.919,0.896,0.898,32500,0.023,0.9089,-1.2
2021-06-18,0.912,0.912,0.911,0.911,8345,0.001,0.9096,0.15
2021-06-17,0.911,0.93,0.902,0.911,28256,0.028,0.9165,-0.6
2021-06-16,0.914,0.915,0.914,0.915,3200,0.001,0.9151,-0.01
2021-06-10,0.925,0.946,0.925,0.939,6500,0.021,0.9346,0.47
2021-06-09,0.927,0.927,0.922,0.923,5400,0.005,0.9371,-1.5
2021-06-08,0.94,0.94,0.92,0.922,4789,0.02,0.9343,-1.32
2021-06-07,0.927,0.927,0.927,0.927,1000,0.0,0.9359,-0.95
2021-06-04,0.927,0.947,0.915,0.925,13011,0.032,0.9404,-1.64
2021-06-03,0.933,0.934,0.933,0.934,7000,0.001,0.9411,-0.75
2021-06-02,0.937,0.945,0.926,0.931,39144,0.019,0.945,-1.48
2021-06-01,0.951,0.956,0.911,0.922,34224,0.045,0.9352,-1.41
2021-05-31,0.923,0.925,0.92,0.925,90691,0.005,0.9345,-1.02
2021-05-28,0.938,0.938,0.932,0.933,70300,0.006,0.9366,-0.38
2021-05-27,0.93,0.941,0.928,0.933,91348,0.013,0.945,-1.27
2021-05-26,0.927,0.936,0.927,0.93,67405,0.009,0.9379,-0.84
2021-05-25,0.926,0.93,0.92,0.93,13000,0.01,0.9347,-0.5
2021-05-24,0.929,0.929,0.927,0.927,32905,0.002,0.933,-0.64
2021-05-20,0.931,0.931,0.921,0.93,1700,0.01,0.9318,-0.19
2021-05-19,0.91,0.937,0.91,0.937,10400,0.027,0.9362,0.09
2021-05-18,0.917,0.932,0.917,0.932,55679,0.015,0.9375,-0.59
2021-05-17,0.91,0.919,0.906,0.917,80347,0.013,0.9172,-0.02
2021-05-14,0.924,0.925,0.915,0.924,11800,0.01,0.9176,0.7
2021-05-13,0.918,0.929,0.918,0.929,1362,0.011,0.9179,1.21
2021-05-12,0.925,0.928,0.925,0.928,600,0.003,0.9288,-0.09
2021-05-11,0.914,0.94,0.914,0.925,4300,0.026,0.9317,-0.72
2021-05-10,0.946,0.946,0.94,0.94,10900,0.006,0.9439,-0.41
2021-05-07,0.939,0.945,0.939,0.94,7600,0.006,0.9389,0.12
2021-05-06,0.921,0.932,0.92,0.932,135663,0.012,0.9376,-0.6
2021-04-29,0.925,0.934,0.925,0.933,6400,0.009,0.9341,-0.12
2021-04-28,0.928,0.932,0.925,0.925,10500,0.007,0.9312,-0.67
2021-04-27,0.93,0.934,0.923,0.934,4600,0.011,0.9307,0.35
2021-04-26,0.93,0.93,0.93,0.93,14100,0.0,0.9364,-0.68
2021-04-23,0.938,0.938,0.927,0.928,24800,0.011,0.9426,-1.55
2021-04-22,0.94,0.94,0.932,0.932,14022,0.008,0.9375,-0.59
2021-04-21,0.941,0.953,0.938,0.938,2500,0.015,0.943,-0.53
2021-04-20,0.945,0.954,0.945,0.953,2200,0.009,0.9546,-0.17
2021-04-19,0.948,0.952,0.948,0.948,23500,0.004,0.9525,-0.47
2021-04-16,0.94,0.949,0.937,0.949,143690,0.012,0.9548,-0.61
2021-04-15,0.931,0.939,0.928,0.939,68367,0.011,0.9421,-0.33
2021-04-14,0.932,0.942,0.932,0.942,11600,0.01,0.9404,0.17
2021-04-13,0.941,0.941,0.93,0.93,27800,0.011,0.9352,-0.56
2021-04-12,0.929,0.942,0.928,0.941,83059,0.014,0.9375,0.37
2021-04-09,0.94,0.94,0.932,0.932,27700,0.008,0.9405,-0.9
2021-04-08,0.949,0.952,0.94,0.94,95060,0.012,0.9463,-0.67
2021-04-07,0.938,0.95,0.938,0.941,27858,0.012,0.9483,-0.77
2021-04-06,0.935,0.949,0.935,0.936,32130,0.014,0.944,-0.85
2021-04-02,0.938,0.949,0.934,0.938,5484,0.015,0.9458,-0.82
2021-04-01,0.945,0.955,0.935,0.938,128969,0.02,0.9451,-0.75
2021-03-31,0.95,0.953,0.949,0.949,27100,0.004,0.9446,0.47
2021-03-30,0.937,0.952,0.937,0.95,23520,0.015,0.9557,-0.6
2021-03-29,0.91,0.945,0.91,0.937,157434,0.035,0.9439,-0.73
2021-03-26,0.922,0.922,0.91,0.915,15700,0.012,0.9166,-0.17
2021-03-24,0.906,0.906,0.906,0.906,2000,0.0,0.9047,0.14
2021-03-23,0.924,0.924,0.912,0.912,700,0.012,0.9207,-0.94
2021-03-22,0.919,0.929,0.919,0.927,51800,0.01,0.9297,-0.29
2021-03-19,0.915,0.924,0.912,0.912,48800,0.012,0.9194,-0.8
2021-03-18,0.922,0.926,0.919,0.926,36776,0.007,0.9291,-0.33
2021-03-17,0.915,0.927,0.915,0.918,9500,0.012,0.9268,-0.95
2021-03-16,0.927,0.927,0.925,0.925,2000,0.002,0.9274,-0.26
2021-03-15,0.919,0.925,0.903,0.921,113600,0.022,0.9239,-0.31
2021-03-12,0.909,0.926,0.909,0.919,116846,0.017,0.916,0.33
2021-03-11,0.889,0.914,0.889,0.913,190095,0.025,0.9193,-0.69
2021-03-10,0.906,0.906,0.892,0.897,51268,0.014,0.9019,-0.54
2021-03-09,0.893,0.919,0.886,0.89,102740,0.033,0.8971,-0.79
2021-03-08,0.909,0.923,0.893,0.893,1738403,0.03,0.8967,-0.41
2021-03-05,0.883,0.907,0.882,0.905,189300,0.025,0.903,0.22
2021-03-04,0.908,0.908,0.895,0.906,54240,0.013,0.9002,0.64
2021-03-03,0.897,0.91,0.897,0.908,107100,0.013,0.9122,-0.46
2021-03-02,0.892,0.914,0.874,0.9,52316,0.04,0.8931,0.77
2021-03-01,0.908,0.908,0.876,0.894,99300,0.032,0.8956,-0.18
2021-02-26,0.885,0.92,0.885,0.891,111800,0.035,0.8826,0.95
2021-02-25,0.888,0.928,0.855,0.904,363895,0.073,0.9031,0.1
2021-02-24,0.892,0.917,0.863,0.869,100021,0.054,0.8711,-0.24
2021-02-23,0.897,0.935,0.881,0.894,188116,0.054,0.8901,0.44
2021-02-22,0.894,0.904,0.886,0.897,846400,0.018,0.8847,1.39
2021-02-19,0.881,0.947,0.863,0.894,1260420,0.084,0.885,1.02
2021-02-18,0.875,0.893,0.873,0.881,109320,0.02,0.8838,-0.32
2021-02-10,0.86,0.876,0.847,0.859,823422,0.029,0.8547,0.5
2021-02-09,0.838,0.859,0.838,0.859,146020,0.021,0.8523,0.79
2021-02-08,0.84,0.856,0.84,0.854,1050700,0.016,0.8473,0.79
2021-02-05,0.855,0.855,0.833,0.841,9996,0.022,0.8451,-0.49
2021-02-04,0.865,0.865,0.84,0.841,638510,0.025,0.8403,0.08
2021-02-03,0.85,0.853,0.839,0.852,459169,0.014,0.8461,0.7
2021-02-02,0.84,0.858,0.84,0.849,289600,0.018,0.8455,0.41
2021-02-01,0.835,0.846,0.823,0.843,606252,0.023,0.8367,0.75
2021-01-29,0.859,0.859,0.833,0.848,292487,0.026,0.8272,2.51
2021-01-28,0.851,0.874,0.844,0.85,353500,0.03,0.8433,0.79
2021-01-27,0.862,0.874,0.851,0.867,719672,0.023,0.8611,0.69
2021-01-26,0.879,0.879,0.861,0.863,103900,0.018,0.8655,-0.29
2021-01-25,0.877,0.888,0.866,0.879,430200,0.022,0.8801,-0.12
2021-01-22,0.9,0.9,0.866,0.876,262755,0.034,0.8774,-0.16
2021-01-21,0.909,0.939,0.9,0.902,1049830,0.039,0.8972,0.53
2021-01-20,0.902,0.937,0.899,0.909,630660,0.038,0.9013,0.85
2021-01-19,0.88,0.95,0.88,0.9,1533596,0.07,0.9019,-0.21
2021-01-18,0.89,0.892,0.854,0.87,243571,0.038,0.875,-0.57
2021-01-15,0.859,0.872,0.859,0.862,903312,0.013,0.8598,0.26
2021-01-14,0.849,0.875,0.845,0.868,73148,0.03,0.8613,0.78
2021-01-13,0.851,0.863,0.851,0.859,382180,0.012,0.8595,-0.06
2021-01-12,0.849,0.867,0.843,0.857,59244,0.024,0.8558,0.14
2021-01-11,0.833,0.862,0.833,0.85,242260,0.029,0.8486,0.16
2021-01-08,0.829,0.848,0.829,0.835,289295,0.019,0.8454,-1.23
2021-01-07,0.836,0.854,0.826,0.83,37146,0.028,0.8368,-0.81
2021-01-06,0.824,0.824,0.823,0.823,13589,0.001,0.837,-1.67
2021-01-05,0.813,0.855,0.813,0.83,24900,0.042,0.825,0.61
2021-01-04,0.85,0.85,0.822,0.831,30400,0.028,0.8337,-0.32
2020-12-31,0.849,0.849,0.832,0.832,14800,0.017,0.8441,-1.43
2020-12-30,0.823,0.825,0.823,0.825,36816,0.002,0.8373,-1.47
2020-12-29,0.832,0.832,0.832,0.832,9900,0.0,0.8377,-0.68
2020-12-28,0.818,0.832,0.818,0.832,103070,0.014,0.8321,-0.01
2020-12-25,0.82,0.82,0.816,0.818,62746,0.004,0.8261,-0.98
2020-12-24,0.821,0.821,0.82,0.82,35174,0.001,0.8265,-0.79
2020-12-23,0.828,0.828,0.824,0.824,1426,0.004,0.8246,-0.07
2020-12-22,0.827,0.827,0.826,0.826,268,0.001,0.8216,0.54
2020-12-21,0.83,0.835,0.83,0.833,9087,0.005,0.8309,0.25
2020-12-18,0.832,0.841,0.83,0.83,53250,0.011,0.8355,-0.66
2020-12-17,0.829,0.841,0.813,0.83,72872,0.028,0.8308,-0.1
2020-12-16,0.825,0.826,0.825,0.826,2293,0.001,0.8325,-0.78
2020-12-15,0.825,0.825,0.825,0.825,400,0.0,0.8265,-0.18
2020-12-14,0.831,0.849,0.831,0.832,38400,0.018,0.8273,0.57
2020-12-11,0.824,0.824,0.823,0.823,8132,0.001,0.8276,-0.56
2020-12-10,0.829,0.829,0.826,0.826,28400,0.003,0.8237,0.28
2020-12-09,0.828,0.83,0.822,0.828,354716,0.008,0.8244,0.44
2020-12-08,0.837,0.846,0.826,0.829,153442,0.02,0.8219,0.86
2020-12-07,0.84,0.847,0.84,0.843,81766,0.007,0.8295,1.63
2020-12-04,0.861,0.861,0.849,0.851,266723,0.012,0.8395,1.37
2020-12-03,0.853,0.87,0.85,0.861,49738,0.02,0.8481,1.52
2020-12-02,0.857,0.877,0.843,0.877,522829,0.034,0.8518,2.96
2020-12-01,0.855,0.881,0.855,0.858,65523,0.026,0.8572,0.09
2020-11-30,0.86,0.873,0.857,0.858,111600,0.016,0.852,0.7
2020-11-27,0.86,0.87,0.86,0.86,34182,0.01,0.858,0.23
2020-11-26,0.844,0.867,0.844,0.867,14000,0.023,0.8544,1.47
2020-11-25,0.856,0.868,0.856,0.868,288016,0.012,0.8515,1.94
2020-11-24,0.87,0.87,0.868,0.868,1000,0.002,0.8511,1.99
2020-11-23,0.86,0.874,0.86,0.874,57718,0.014,0.8523,2.55
2020-11-20,0.855,0.872,0.85,0.872,67005,0.022,0.8502,2.56
2020-11-19,0.865,0.865,0.86,0.86,20200,0.005,0.8529,0.83
2020-11-18,0.852,0.875,0.852,0.875,258300,0.023,0.8604,1.7
2020-11-17,0.848,0.863,0.848,0.863,127906,0.015,0.8607,0.27
2020-11-16,0.856,0.856,0.8,0.856,223837,0.056,0.8565,-0.06
2020-11-13,0.842,0.845,0.842,0.844,18831,0.003,0.8581,-1.64
2020-11-12,0.857,0.864,0.852,0.854,159300,0.012,0.8672,-1.52
2020-11-11,0.844,0.874,0.844,0.874,734098,0.03,0.8738,0.02
2020-11-10,0.84,0.848,0.84,0.842,79706,0.008,0.8525,-1.23
2020-11-09,0.843,0.843,0.832,0.838,33965,0.011,0.8422,-0.5
2020-11-06,0.836,0.838,0.833,0.838,39265,0.005,0.8403,-0.27
2020-11-05,0.824,0.829,0.814,0.829,17584,0.015,0.84,-1.31
2020-11-04,0.815,0.822,0.811,0.811,23100,0.011,0.8157,-0.58
2020-11-03,0.829,0.829,0.807,0.822,7465,0.022,0.815,0.86
2020-11-02,0.81,0.81,0.81,0.81,14500,0.0,0.8092,0.1
2020-10-30,0.849,0.849,0.8,0.809,73300,0.049,0.8029,0.76
2020-10-29,0.796,0.8,0.796,0.8,15500,0.004,0.8071,-0.88
2020-10-28,0.811,0.828,0.81,0.812,38500,0.018,0.8047,0.91
2020-10-27,0.811,0.811,0.811,0.811,13000,0.0,0.8144,-0.42
2020-10-26,0.81,0.81,0.809,0.809,9500,0.001,0.819,-1.22
2020-10-23,0.81,0.832,0.809,0.809,56600,0.023,0.8188,-1.2
2020-10-22,0.823,0.823,0.809,0.82,2200,0.014,0.8128,0.89
2020-10-21,0.819,0.822,0.819,0.822,22500,0.003,0.8121,1.22
2020-10-20,0.812,0.857,0.811,0.812,67900,0.046,0.81,0.25
2020-10-19,0.841,0.841,0.817,0.817,105585,0.024,0.8123,0.58
2020-10-16,0.86,0.86,0.815,0.817,33200,0.045,0.8164,0.07
2020-10-15,0.875,0.875,0.81,0.81,25300,0.065,0.8117,-0.21
2020-10-14,0.871,0.871,0.857,0.857,2700,0.014,0.82,4.51
2020-10-13,0.809,0.857,0.809,0.857,53063,0.048,0.8244,3.95
2020-10-12,0.818,0.82,0.818,0.818,199174,0.002,0.8227,-0.57
2020-10-09,0.811,0.821,0.811,0.821,12153,0.01,0.8267,-0.69
2020-09-30,0.817,0.817,0.807,0.811,11400,0.01,0.814,-0.37
2020-09-29,0.829,0.829,0.818,0.818,4900,0.011,0.8073,1.33
2020-09-22,0.83,0.857,0.826,0.84,33600,0.031,0.8277,1.49
2020-09-21,0.839,0.839,0.839,0.839,15700,0.0,0.8307,1.0
2020-09-18,0.839,0.84,0.839,0.839,49710,0.001,0.8441,-0.6
2020-09-15,0.842,0.85,0.842,0.85,52100,0.008,0.855,-0.58
2020-09-14,0.837,0.841,0.837,0.841,7600,0.004,0.8465,-0.65
2020-09-11,0.83,0.833,0.83,0.833,75600,0.003,0.8443,-1.34
2020-09-10,0.836,0.838,0.836,0.836,89312,0.002,0.8427,-0.8
2020-09-09,0.842,0.842,0.835,0.835,2400,0.007,0.8458,-1.28
2020-09-08,0.843,0.843,0.843,0.843,200,0.0,0.8522,-1.08
2020-09-07,0.857,0.857,0.857,0.857,1000,0.0,0.849,0.94
2020-09-04,0.862,0.862,0.837,0.856,3400,0.025,0.8558,0.02
2020-09-03,0.868,0.868,0.863,0.865,86400,0.005,0.8597,0.62
2020-09-02,0.861,0.861,0.85,0.855,20700,0.011,0.8559,-0.11
2020-09-01,0.868,0.868,0.862,0.862,5900,0.006,0.8606,0.16
2020-08-31,0.882,0.884,0.87,0.87,156732,0.014,0.864,0.69
2020-08-28,0.873,0.882,0.873,0.882,80018,0.009,0.8797,0.26
2020-08-27,0.873,0.882,0.869,0.872,132500,0.013,0.876,-0.46
2020-08-26,0.885,0.888,0.838,0.851,232936,0.05,0.891,-4.49
2020-08-25,0.877,0.883,0.877,0.883,97716,0.006,0.8898,-0.76
2020-08-24,0.882,0.915,0.878,0.879,28741,0.037,0.8874,-0.95
2020-08-21,0.874,0.874,0.874,0.874,200,0.0,0.8792,-0.59
2020-08-20,0.875,0.875,0.875,0.875,3200,0.0,0.8755,-0.06
2020-08-18,0.887,0.893,0.88,0.88,24300,0.013,0.885,-0.56
2020-08-17,0.873,0.887,0.873,0.887,1400,0.014,0.8907,-0.42
2020-08-14,0.87,0.876,0.868,0.876,19100,0.008,0.8774,-0.16
2020-08-13,0.872,0.872,0.865,0.867,26740,0.007,0.8763,-1.06
2020-08-12,0.87,0.87,0.862,0.868,10540,0.008,0.8793,-1.29
2020-08-11,0.865,0.872,0.865,0.871,146815,0.007,0.8761,-0.58
2020-08-10,0.854,0.859,0.854,0.859,6700,0.005,0.8616,-0.3
2020-08-07,0.85,0.85,0.849,0.849,30100,0.001,0.8629,-1.61
2020-08-06,0.862,0.872,0.857,0.857,153145,0.015,0.8677,-1.23
2020-08-05,0.872,0.872,0.857,0.857,19500,0.015,0.8707,-1.57
2020-08-04,0.862,0.866,0.86,0.866,95744,0.006,0.8704,-0.51
2020-08-03,0.851,0.852,0.851,0.852,23941,0.001,0.8638,-1.37
2020-07-31,0.865,0.865,0.854,0.854,200,0.011,0.861,-0.81
2020-07-30,0.854,0.896,0.854,0.874,46000,0.042,0.8567,2.02
2020-07-29,0.851,0.859,0.85,0.859,8900,0.009,0.8585,0.06
2020-07-28,0.846,0.851,0.846,0.85,7400,0.005,0.851,-0.12
2020-07-27,0.84,0.856,0.84,0.845,31716,0.016,0.8503,-0.62
2020-07-24,0.87,0.87,0.81,0.818,171340,0.06,0.8566,-4.51
2020-07-23,0.873,0.899,0.87,0.87,95000,0.029,0.8741,-0.47
2020-07-22,0.876,0.88,0.876,0.88,23000,0.004,0.8683,1.35
2020-07-21,0.877,0.878,0.871,0.878,15500,0.007,0.8793,-0.15
2020-07-20,0.858,0.883,0.858,0.877,81194,0.025,0.8841,-0.8
2020-07-17,0.838,0.873,0.838,0.86,13100,0.035,0.8651,-0.59
2020-07-16,0.862,0.902,0.805,0.838,86985,0.097,0.861,-2.67
2020-07-15,0.881,0.902,0.866,0.88,23100,0.036,0.8758,0.48
2020-07-14,0.875,0.894,0.875,0.881,28123,0.019,0.8808,0.02
2020-07-13,0.881,0.898,0.881,0.881,183756,0.017,0.8927,-1.31
2020-07-10,0.883,0.883,0.869,0.878,118600,0.014,0.8867,-0.98
2020-07-09,0.905,0.91,0.905,0.91,7400,0.005,0.9036,0.71
2020-07-08,0.899,0.935,0.899,0.935,7300,0.036,0.9106,2.68
2020-07-07,0.939,0.985,0.899,0.938,214583,0.086,0.9146,2.56
2020-07-06,0.909,0.986,0.909,0.928,121850,0.077,0.9424,-1.53
2020-07-03,0.893,0.899,0.889,0.899,62505,0.01,0.9063,-0.81
2020-07-02,0.865,0.882,0.865,0.87,70516,0.017,0.8906,-2.31
2020-07-01,0.84,0.84,0.84,0.84,59540,0.0,0.8517,-1.37
2020-06-30,0.851,0.851,0.851,0.851,5000,0.0,0.8527,-0.2
2020-06-29,0.865,0.865,0.849,0.849,1600,0.016,0.8563,-0.85
2020-06-24,0.865,0.865,0.865,0.865,3000,0.0,0.8559,1.06
2020-06-23,0.852,0.852,0.852,0.852,1600,0.0,0.8613,-1.08
2020-06-22,0.867,0.867,0.867,0.867,1500,0.0,0.8641,0.34
2020-06-19,0.865,0.865,0.865,0.865,1500,0.0,0.8743,-1.06
2020-06-18,0.853,0.861,0.85,0.855,440651,0.011,0.8707,-1.8
2020-06-17,0.863,0.863,0.85,0.85,18000,0.013,0.8595,-1.11
2020-06-15,0.864,0.864,0.864,0.864,1600,0.0,0.8392,2.96
2020-06-12,0.84,0.855,0.84,0.855,42000,0.015,0.8545,0.06
2020-06-11,0.86,0.86,0.86,0.86,2700,0.0,0.8537,0.74
2020-06-10,0.877,0.877,0.862,0.862,6350,0.015,0.8748,-1.46
2020-06-09,0.866,0.877,0.866,0.877,11400,0.011,0.8765,0.06
2020-06-08,0.863,0.868,0.863,0.866,65800,0.005,0.8704,-0.51
2020-06-05,0.853,0.861,0.853,0.861,23000,0.008,0.8692,-0.94
2020-06-04,0.852,0.853,0.852,0.853,10000,0.001,0.8573,-0.5
2020-06-03,0.845,0.863,0.845,0.853,27700,0.018,0.8553,-0.27
2020-06-02,0.838,0.84,0.831,0.84,5000,0.009,0.8474,-0.87
2020-06-01,0.81,0.837,0.81,0.837,46600,0.027,0.8393,-0.27
2020-05-29,0.818,0.818,0.801,0.803,6900,0.017,0.8106,-0.94
2020-05-28,0.804,0.804,0.793,0.793,3200,0.011,0.8104,-2.15
2020-05-27,0.804,0.804,0.804,0.804,11500,0.0,0.8111,-0.88
2020-05-26,0.816,0.816,0.811,0.811,7800,0.005,0.8172,-0.76
2020-05-25,0.79,0.79,0.79,0.79,100,0.0,0.8091,-2.36
2020-05-22,0.821,0.85,0.798,0.85,14605,0.052,0.7991,6.37
2020-05-19,0.844,0.844,0.832,0.843,53705,0.012,0.8445,-0.18
2020-05-18,0.82,0.827,0.82,0.827,7900,0.007,0.8361,-1.09
2020-05-13,0.837,0.837,0.827,0.827,5500,0.01,0.8366,-1.15
2020-05-12,0.831,0.832,0.831,0.832,22361,0.001,0.8391,-0.85
2020-05-11,0.844,0.884,0.832,0.842,103390,0.052,0.8484,-0.75
2020-05-07,0.837,0.837,0.837,0.837,1100,0.0,0.8273,1.17
2020-05-06,0.836,0.836,0.832,0.832,16000,0.004,0.8249,0.86
2020-04-30,0.835,0.845,0.835,0.845,30400,0.01,0.8464,-0.17
2020-04-29,0.836,0.849,0.835,0.835,24200,0.014,0.8479,-1.52
2020-04-28,0.818,0.827,0.818,0.827,14600,0.009,0.8421,-1.79
2020-04-27,0.82,0.841,0.817,0.841,20800,0.024,0.8316,1.13
2020-04-24,0.822,0.828,0.81,0.81,1400,0.018,0.8149,-0.6
2020-04-23,0.81,0.836,0.81,0.818,1600,0.026,0.8227,-0.57
2020-04-22,0.815,0.815,0.815,0.815,100,0.0,0.8214,-0.78
2020-04-21,0.813,0.834,0.81,0.81,23556,0.024,0.8199,-1.21
2020-04-20,0.835,0.835,0.835,0.835,200,0.0,0.8343,0.08
2020-04-16,0.813,0.832,0.813,0.829,24500,0.019,0.831,-0.24
2020-04-15,0.844,0.844,0.844,0.844,300,0.0,0.8309,1.58
2020-04-14,0.834,0.845,0.833,0.845,22200,0.012,0.8453,-0.04
2020-04-13,0.816,0.836,0.816,0.836,3200,0.02,0.8397,-0.44
2020-04-10,0.828,0.844,0.828,0.844,4100,0.016,0.8403,0.44
2020-04-09,0.823,0.865,0.823,0.852,5100,0.042,0.8424,1.14
2020-04-08,0.824,0.833,0.824,0.833,600,0.009,0.8272,0.7
2020-04-07,0.825,0.833,0.773,0.833,37532,0.06,0.842,-1.07
2020-04-03,0.823,0.823,0.823,0.823,100,0.0,0.8167,0.77
2020-04-02,0.808,0.817,0.808,0.816,19100,0.009,0.819,-0.37
2020-04-01,0.829,0.829,0.77,0.811,41624,0.059,0.8079,0.38
2020-03-31,0.83,0.83,0.827,0.827,300,0.003,0.8266,0.05
2020-03-30,0.827,0.827,0.788,0.818,4100,0.039,0.8014,2.07
2020-03-27,0.83,0.83,0.799,0.807,32700,0.031,0.812,-0.62
2020-03-26,0.798,0.81,0.788,0.809,16989,0.022,0.7997,1.16
2020-03-25,0.791,0.798,0.776,0.798,45300,0.022,0.7981,-0.01
2020-03-24,0.795,0.795,0.737,0.788,83156,0.058,0.7643,3.1
2020-03-23,0.726,0.774,0.726,0.767,80056,0.048,0.735,4.35
2020-03-20,0.758,0.758,0.751,0.756,77842,0.007,0.7754,-2.5
2020-03-19,0.735,0.76,0.714,0.728,33200,0.046,0.7258,0.3
2020-03-18,0.792,0.8,0.78,0.78,69400,0.02,0.7544,3.39
2020-03-17,0.872,0.872,0.783,0.843,21386,0.089,0.7872,7.09
2020-03-16,0.83,0.849,0.83,0.849,300,0.019,0.8017,5.9
2020-03-13,0.822,0.85,0.803,0.85,190286,0.047,0.8303,2.37
2020-03-11,0.881,0.891,0.858,0.891,31600,0.033,0.8689,2.54
2020-03-10,0.835,0.899,0.835,0.899,38100,0.064,0.866,3.81
2020-03-09,0.9,0.9,0.87,0.89,16400,0.03,0.8605,3.43
2020-03-06,0.92,0.936,0.898,0.909,151715,0.038,0.9078,0.13
2020-03-05,0.927,0.927,0.927,0.927,14100,0.0,0.9249,0.23
2020-03-04,0.915,0.916,0.915,0.916,44705,0.001,0.919,-0.33
2020-03-03,0.908,0.909,0.906,0.908,451100,0.003,0.9092,-0.13
2020-03-02,0.908,0.922,0.908,0.908,23100,0.014,0.9142,-0.68
2020-02-28,0.905,0.905,0.905,0.905,34616,0.0,0.8991,0.66
2020-02-27,0.906,0.906,0.906,0.906,49616,0.0,0.9225,-1.79
2020-02-26,0.915,0.92,0.915,0.916,8100,0.005,0.9148,0.13
2020-02-24,0.909,0.936,0.909,0.934,58100,0.027,0.9171,1.84
2020-02-21,0.94,0.94,0.935,0.936,59200,0.005,0.9341,0.2
2020-02-20,0.95,0.95,0.94,0.944,53000,0.01,0.9431,0.1
2020-02-19,0.938,0.945,0.938,0.944,4034,0.007,0.948,-0.42
2020-02-18,0.936,0.946,0.936,0.946,1200,0.01,0.9412,0.51
2020-02-17,0.959,0.959,0.958,0.958,6100,0.001,0.9545,0.37
2020-02-14,0.922,0.948,0.922,0.944,113275,0.026,0.9559,-1.24
2020-02-13,0.936,0.943,0.936,0.943,5000,0.007,0.9437,-0.07
2020-02-12,0.919,0.94,0.919,0.939,45423,0.021,0.9381,0.1
2020-02-11,0.914,0.931,0.914,0.931,87717,0.017,0.9327,-0.18
2020-02-06,0.908,0.914,0.908,0.913,123637,0.006,0.9277,-1.58
2020-02-05,0.91,0.916,0.908,0.908,53112,0.008,0.9054,0.29
2020-02-04,0.915,0.916,0.892,0.91,58612,0.024,0.9023,0.85
2020-02-03,0.898,0.898,0.896,0.896,35300,0.002,0.8816,1.63
2020-01-23,0.915,1.023,0.915,0.995,89840,0.108,0.9407,5.77
2020-01-22,0.998,0.998,0.998,0.998,100,0.0,0.9658,3.33
2020-01-21,1.026,1.026,0.961,0.992,28500,0.065,0.9472,4.73
2020-01-20,0.993,0.998,0.992,0.998,37702,0.006,0.9789,1.95
2020-01-17,0.991,1.013,0.991,1.001,32800,0.022,0.9972,0.38
2020-01-16,0.982,1.018,0.982,0.983,61809,0.036,0.995,-1.21
2020-01-15,0.986,0.987,0.986,0.986,40500,0.001,0.9786,0.76
2020-01-14,0.992,0.992,0.992,0.992,500,0.0,0.9864,0.57
2020-01-13,0.986,0.986,0.986,0.986,4960,0.0,0.9904,-0.44
2020-01-10,0.99,1.004,0.99,1.003,37400,0.014,0.9892,1.4
2020-01-09,0.98,0.99,0.98,0.99,73500,0.01,0.9916,-0.16
2020-01-08,0.985,0.985,0.98,0.98,130963,0.005,0.9792,0.08
2020-01-07,0.991,0.999,0.99,0.999,370000,0.009,0.993,0.6
2020-01-06,1.0,1.01,0.971,0.991,823051,0.039,0.99,0.1
2020-01-03,1.009,1.009,1.0,1.0,31229,0.009,1.0001,-0.01
2019-12-31,1.009,1.009,1.009,1.009,1600,0.0,0.9868,2.25
2019-12-30,0.984,1.003,0.984,1.003,140463,0.019,0.9885,1.47
2019-12-27,1.009,1.009,0.975,1.009,12322,0.034,0.9842,2.52
2019-12-26,0.998,0.998,0.998,0.998,8900,0.0,0.9711,2.77
2019-12-24,0.964,0.986,0.963,0.984,129817,0.023,0.9751,0.91
2019-12-23,1.0,1.003,0.982,0.986,7700,0.021,0.9774,0.88
2019-12-20,0.985,1.01,0.974,1.0,1221494,0.036,0.9752,2.54
2019-12-19,0.979,1.01,0.971,0.999,1305087,0.039,0.9744,2.52
2019-12-18,0.971,0.971,0.968,0.968,129623,0.003,0.9778,-1.0
2019-12-17,0.969,0.976,0.969,0.97,247345,0.007,0.9749,-0.5
2019-12-16,0.962,0.966,0.959,0.962,72400,0.007,0.9663,-0.44
2019-12-13,0.967,0.967,0.954,0.956,110444,0.013,0.9651,-0.94
2019-12-12,0.944,0.955,0.944,0.955,298132,0.011,0.9524,0.27
2019-12-11,0.935,0.944,0.935,0.944,22600,0.009,0.9499,-0.62
2019-12-10,0.918,0.918,0.918,0.918,7600,0.0,0.9386,-2.19
2019-12-06,0.93,0.93,0.93,0.93,8900,0.0,0.9291,0.1
2019-12-05,0.929,0.929,0.927,0.927,5200,0.002,0.9246,0.26
2019-12-04,0.912,0.912,0.91,0.912,11326,0.002,0.9185,-0.71
2019-12-03,0.919,0.919,0.912,0.912,2900,0.007,0.9251,-1.42
2019-11-29,0.922,0.922,0.919,0.919,2100,0.003,0.9198,-0.09
2019-11-28,0.93,0.93,0.93,0.93,1600,0.0,0.9351,-0.55
2019-11-27,0.931,0.938,0.931,0.934,92865,0.007,0.9372,-0.34
2019-11-26,0.929,0.929,0.929,0.929,3700,0.0,0.9339,-0.52
2019-11-25,0.929,0.932,0.928,0.929,505224,0.004,0.9381,-0.97
2019-11-22,0.92,0.92,0.912,0.912,109841,0.008,0.9243,-1.33
2019-11-21,0.912,0.912,0.912,0.912,200,0.0,0.9204,-0.91
2019-11-20,0.926,0.927,0.926,0.927,125407,0.001,0.9317,-0.5
2019-11-19,0.915,0.927,0.915,0.927,54500,0.012,0.9321,-0.55
2019-11-18,0.91,0.91,0.91,0.91,3000,0.0,0.9129,-0.32
2019-11-15,0.907,0.907,0.9,0.9,9500,0.007,0.8992,0.09
2019-11-12,0.911,0.913,0.911,0.913,341646,0.002,0.9226,-1.04
2019-11-11,0.922,0.922,0.91,0.911,18600,0.012,0.9144,-0.37
2019-11-08,0.927,0.937,0.927,0.936,36267,0.01,0.9386,-0.28
2019-11-07,0.937,0.937,0.93,0.93,24500,0.007,0.943,-1.38
2019-11-06,0.933,0.935,0.933,0.935,29967,0.002,0.9402,-0.55
2019-11-05,0.917,0.937,0.917,0.931,32700,0.02,0.9401,-0.97
2019-11-04,0.915,0.965,0.914,0.916,468000,0.051,0.9266,-1.14
2019-11-01,0.89,0.908,0.89,0.908,459600,0.018,0.9137,-0.62
2019-10-30,0.907,0.907,0.889,0.889,24600,0.018,0.8981,-1.01
2019-10-29,0.893,0.9,0.893,0.9,9100,0.007,0.9026,-0.29
2019-10-28,0.892,0.895,0.892,0.894,150349,0.003,0.9045,-1.16
2019-10-25,0.886,0.892,0.886,0.892,3061,0.006,0.9014,-1.04
2019-10-23,0.888,0.888,0.888,0.888,20000,0.0,0.8909,-0.33
2019-10-22,0.885,0.885,0.885,0.885,100,0.0,0.8947,-1.08
2019-10-21,0.882,0.882,0.882,0.882,2000,0.0,0.8942,-1.36
2019-10-18,0.89,0.89,0.89,0.89,26500,0.0,0.8905,-0.06
2019-10-17,0.891,0.902,0.89,0.891,80018,0.012,0.8956,-0.51
2019-10-16,0.874,0.891,0.874,0.891,20600,0.017,0.895,-0.45
2019-10-15,0.877,0.877,0.876,0.876,123150,0.001,0.8862,-1.15
2019-10-14,0.879,0.88,0.866,0.876,210442,0.014,0.8866,-1.2
2019-10-11,0.869,0.877,0.869,0.87,8200,0.008,0.88,-1.14
2019-10-10,0.852,0.854,0.851,0.854,59000,0.003,0.8601,-0.71
2019-10-09,0.861,0.869,0.85,0.851,50000,0.019,0.8573,-0.73
2019-10-08,0.856,0.865,0.853,0.857,195600,0.012,0.8602,-0.37
2019-09-30,0.856,0.856,0.853,0.853,60816,0.003,0.8573,-0.5
2019-09-27,0.858,0.858,0.851,0.856,36792,0.007,0.8541,0.22
2019-09-26,0.855,0.857,0.855,0.857,109408,0.002,0.8627,-0.66
2019-09-25,0.861,0.862,0.851,0.855,154634,0.011,0.8594,-0.51
2019-09-24,0.868,0.868,0.865,0.865,27400,0.003,0.8672,-0.25
2019-09-23,0.869,0.869,0.869,0.869,30000,0.0,0.8736,-0.53
2019-09-19,0.885,0.891,0.88,0.881,7800,0.011,0.8838,-0.32
2019-09-18,0.884,0.884,0.884,0.884,26500,0.0,0.8923,-0.93
2019-09-17,0.887,0.889,0.883,0.883,16700,0.006,0.8917,-0.98
2019-09-16,0.905,0.905,0.883,0.887,142981,0.022,0.9031,-1.78
2019-09-12,0.888,0.888,0.884,0.884,5761,0.004,0.8973,-1.48
2019-09-11,0.879,0.886,0.879,0.886,127600,0.007,0.8935,-0.84
2019-09-10,0.881,0.881,0.878,0.878,49800,0.003,0.8819,-0.44
2019-09-09,0.882,0.886,0.881,0.881,8800,0.005,0.8784,0.3
2019-09-06,0.868,0.878,0.868,0.878,300,0.01,0.8821,-0.46
2019-09-05,0.869,0.869,0.866,0.867,15200,0.003,0.8758,-1.0
2019-09-04,0.843,0.861,0.843,0.861,41100,0.018,0.8689,-0.91
2019-09-03,0.844,0.844,0.843,0.843,228254,0.001,0.8474,-0.52
2019-09-02,0.842,0.844,0.842,0.844,60852,0.002,0.8514,-0.87
2019-08-30,0.844,0.845,0.844,0.844,17500,0.001,0.8503,-0.74
2019-08-29,0.841,0.845,0.84,0.84,19300,0.005,0.8474,-0.87
2019-08-28,0.849,0.849,0.847,0.847,16422,0.002,0.8498,-0.33
2019-08-27,0.844,0.854,0.843,0.847,409530,0.011,0.8525,-0.65
2019-08-26,0.87,0.87,0.842,0.843,108600,0.028,0.8474,-0.52
2019-08-23,0.861,0.861,0.861,0.861,1900,0.0,0.8681,-0.82
2019-08-22,0.868,0.868,0.853,0.858,7000,0.015,0.8685,-1.21
2019-08-19,0.85,0.877,0.849,0.872,18296,0.028,0.8667,0.61
2019-08-15,0.832,0.832,0.827,0.827,60937,0.005,0.8388,-1.41
2019-08-13,0.832,0.832,0.831,0.832,44500,0.001,0.8291,0.35
2019-08-12,0.85,0.85,0.849,0.85,12900,0.001,0.8501,-0.01
2019-08-08,0.836,0.854,0.836,0.854,107364,0.018,0.8579,-0.45
2019-08-07,0.8,0.836,0.761,0.836,398130,0.075,0.8497,-1.61
2019-08-06,0.825,0.845,0.825,0.845,88000,0.02,0.841,0.48
2019-08-05,0.891,0.891,0.837,0.86,122142,0.054,0.8482,1.39
2019-08-01,0.892,0.927,0.892,0.927,1500,0.035,0.8916,3.97
2019-07-31,0.901,0.901,0.9,0.9,213221,0.001,0.9027,-0.3
2019-07-30,0.907,0.907,0.907,0.907,11300,0.0,0.9121,-0.56
2019-07-29,0.903,0.909,0.903,0.907,11826,0.006,0.9122,-0.57
2019-07-22,0.927,0.929,0.926,0.929,43559,0.003,0.9267,0.25
2019-07-19,0.929,0.929,0.929,0.929,1500,0.0,0.9343,-0.57
2019-07-18,0.924,0.929,0.924,0.929,38562,0.005,0.9318,-0.3
2019-07-17,0.923,0.934,0.923,0.934,69481,0.011,0.9383,-0.46
2019-07-16,0.935,0.935,0.935,0.935,1500,0.0,0.9332,0.19
2019-07-15,0.935,0.935,0.935,0.935,5900,0.0,0.9312,0.41
2019-07-12,0.935,0.935,0.92,0.92,50107,0.015,0.9308,-1.16
2019-07-04,0.95,0.95,0.95,0.95,10000,0.0,0.9565,-0.68
2019-07-03,0.939,0.946,0.939,0.946,74518,0.007,0.9562,-1.07
2019-07-02,0.914,0.945,0.914,0.944,155669,0.031,0.9487,-0.5
2019-07-01,0.927,0.95,0.927,0.945,700,0.023,0.935,1.07
2019-06-27,0.941,0.941,0.915,0.915,5367,0.026,0.9325,-1.88
2019-06-26,0.914,0.914,0.914,0.914,6900,0.0,0.9216,-0.82
2019-06-21,0.908,0.908,0.9,0.9,213312,0.008,0.9188,-2.05
2019-06-20,0.921,0.921,0.92,0.92,16000,0.001,0.9287,-0.94
2019-06-19,0.918,0.92,0.918,0.92,9000,0.002,0.9207,-0.08
2019-06-18,0.9,0.9,0.9,0.9,400,0.0,0.9091,-1.0
2019-06-17,0.91,0.91,0.91,0.91,10000,0.0,0.9032,0.75
2019-06-14,0.9,0.9,0.886,0.898,99837,0.014,0.9092,-1.23
2019-06-13,0.893,0.9,0.893,0.9,91600,0.007,0.9148,-1.62
2019-06-12,0.915,0.916,0.915,0.915,20800,0.001,0.9078,0.79
2019-06-11,0.905,0.905,0.905,0.905,20000,0.0,0.9181,-1.43
2019-06-10,0.899,0.904,0.899,0.899,1305,0.005,0.9106,-1.27
2019-06-06,0.894,0.894,0.894,0.894,500,0.0,0.894,0.0
2019-06-04,0.883,0.883,0.873,0.877,33263,0.01,0.8829,-0.67
2019-06-03,0.888,0.888,0.872,0.872,21302,0.016,0.8888,-1.89
2019-05-31,0.888,0.888,0.888,0.888,8500,0.0,0.8955,-0.84
2019-05-30,0.888,0.888,0.888,0.888,200,0.0,0.8921,-0.46
2019-05-29,0.9,0.9,0.898,0.898,200,0.002,0.8878,1.15
2019-05-28,0.891,0.891,0.882,0.888,10900,0.009,0.8925,-0.5
2019-05-27,0.88,0.906,0.88,0.906,800,0.026,0.8834,2.56
2019-05-24,0.885,0.885,0.883,0.883,300,0.002,0.8846,-0.18
2019-05-23,0.895,0.895,0.886,0.888,11200,0.009,0.8834,0.52
2019-05-21,0.907,0.907,0.907,0.907,7000,0.0,0.8933,1.53
2019-05-20,0.897,0.898,0.88,0.893,4200,0.018,0.8886,0.5
2019-05-17,0.902,0.902,0.898,0.898,12000,0.004,0.8978,0.02
2019-05-16,0.901,0.901,0.901,0.901,800,0.0,0.9107,-1.07
2019-05-15,0.897,0.908,0.897,0.901,8600,0.011,0.9038,-0.31
2019-05-14,0.89,0.907,0.882,0.886,3700,0.025,0.904,-1.99
2019-05-13,0.915,0.925,0.893,0.9,45563,0.032,0.9135,-1.48
2019-05-10,0.917,0.994,0.917,0.925,1500,0.077,0.913,1.31
2019-05-09,0.907,0.907,0.904,0.904,3192,0.003,0.899,0.56
2019-05-08,0.932,0.932,0.932,0.932,47000,0.0,0.9143,1.94
2019-05-06,0.926,0.926,0.912,0.921,1400,0.014,0.9223,-0.14
2019-04-29,0.944,0.944,0.944,0.944,7560,0.0,0.9539,-1.04
2019-04-26,0.952,0.953,0.952,0.953,8900,0.001,0.951,0.21
2019-04-25,0.954,0.957,0.948,0.948,60215,0.009,0.9518,-0.4
2019-04-24,0.96,0.963,0.957,0.957,18462,0.006,0.9617,-0.49
2019-04-23,0.957,0.965,0.957,0.96,34300,0.008,0.9609,-0.09
2019-04-22,0.971,0.971,0.959,0.959,342197,0.012,0.9756,-1.7
2019-04-19,0.967,0.967,0.966,0.966,15893,0.001,0.9759,-1.01
2019-04-18,0.979,0.979,0.97,0.97,26665,0.009,0.974,-0.41
2019-04-17,0.989,0.989,0.978,0.979,1004185,0.011,0.9869,-0.8
2019-04-16,0.987,0.987,0.987,0.987,2000,0.0,0.9897,-0.27
2019-04-15,1.006,1.006,0.992,0.992,58900,0.014,0.9935,-0.15
2019-04-12,0.975,0.993,0.975,0.979,24862,0.018,0.9948,-1.59
2019-04-11,0.991,0.991,0.985,0.985,37446,0.006,0.9873,-0.23
2019-04-10,0.986,0.996,0.985,0.991,125086,0.011,1.0003,-0.93
2019-04-09,0.991,0.996,0.989,0.995,209748,0.007,1.004,-0.9
2019-04-08,0.968,0.991,0.968,0.991,257846,0.023,0.995,-0.4
2019-04-04,0.985,0.985,0.977,0.977,45164,0.008,0.988,-1.11
2019-04-03,0.985,0.988,0.985,0.987,31482,0.003,0.9941,-0.71
2019-04-02,0.979,0.98,0.971,0.978,106502,0.009,0.9895,-1.16
2019-04-01,0.982,0.987,0.981,0.987,259064,0.006,0.9888,-0.18
2019-03-29,0.956,0.973,0.956,0.967,402084,0.017,0.9745,-0.77
2019-03-28,0.95,0.95,0.944,0.95,11588,0.006,0.9573,-0.76
2019-03-27,0.948,0.959,0.945,0.957,35900,0.014,0.9614,-0.46
2019-03-26,0.944,0.944,0.939,0.939,11515,0.005,0.9493,-1.09
2019-03-25,0.946,0.946,0.926,0.932,76272,0.02,0.9469,-1.57
2019-03-22,0.953,0.958,0.95,0.95,45500,0.008,0.9637,-1.42
2019-03-21,0.952,0.963,0.947,0.95,282102,0.016,0.9561,-0.64
2019-03-20,0.965,0.965,0.951,0.961,67432,0.014,0.9663,-0.55
2019-03-19,0.968,0.968,0.954,0.966,421305,0.014,0.9741,-0.83
2019-03-18,0.95,0.968,0.95,0.968,164110,0.018,0.9783,-1.05
2019-03-15,0.963,0.963,0.95,0.95,2500,0.013,0.9542,-0.44
2019-03-14,0.964,0.964,0.951,0.951,14500,0.013,0.9442,0.72
2019-03-13,0.952,0.952,0.95,0.95,2700,0.002,0.9528,-0.29
2019-03-12,0.94,0.954,0.94,0.948,55654,0.014,0.9516,-0.38
2019-03-11,0.949,0.949,0.936,0.94,116600,0.013,0.9405,-0.05
2019-03-08,0.946,0.946,0.932,0.938,27845,0.014,0.9322,0.62
2019-03-07,0.956,0.967,0.95,0.965,120124,0.017,0.955,1.05
2019-03-06,0.96,0.978,0.95,0.958,17300,0.028,0.968,-1.03
2019-03-05,0.944,0.959,0.944,0.958,53988,0.015,0.9635,-0.57
2019-03-04,0.933,0.958,0.933,0.954,153824,0.025,0.9621,-0.84
2019-03-01,0.921,0.943,0.921,0.943,213109,0.022,0.9496,-0.7
2019-02-28,0.944,0.944,0.933,0.933,3000,0.011,0.9302,0.3
2019-02-27,0.932,0.95,0.932,0.934,47518,0.018,0.9374,-0.36
2019-02-26,0.954,0.967,0.941,0.941,271111,0.026,0.9506,-1.01
2019-02-25,0.955,0.963,0.953,0.963,22520,0.01,0.9612,0.19
2019-02-22,0.944,0.95,0.941,0.95,24720,0.009,0.9569,-0.72
2019-02-21,0.942,0.954,0.936,0.944,82918,0.018,0.949,-0.53
2019-02-20,0.946,0.946,0.933,0.944,90302,0.013,0.9481,-0.43
2019-02-19,0.934,0.941,0.933,0.941,43700,0.008,0.9376,0.36
2019-02-18,0.947,0.951,0.926,0.947,68200,0.025,0.9407,0.67
2019-02-14,0.948,0.948,0.947,0.947,5600,0.001,0.9487,-0.18
2019-02-13,0.931,0.942,0.931,0.939,185202,0.011,0.9485,-1.0
2019-02-12,0.952,0.952,0.931,0.931,300,0.021,0.9408,-1.04
2019-02-11,0.935,0.955,0.935,0.955,10992,0.02,0.939,1.7
2019-02-01,0.936,0.936,0.92,0.936,9592,0.016,0.9275,0.92
2019-01-31,0.918,0.938,0.918,0.936,99207,0.02,0.929,0.75
2019-01-30,0.911,0.923,0.911,0.923,45400,0.012,0.923,0.0
2019-01-29,0.905,0.907,0.905,0.907,48100,0.002,0.9137,-0.73
2019-01-28,0.914,0.916,0.905,0.905,16700,0.011,0.9109,-0.65
2019-01-25,0.905,0.905,0.905,0.905,20041,0.0,0.9158,-1.18
2019-01-24,0.905,0.905,0.894,0.9,69211,0.011,0.9095,-1.04
2019-01-23,0.88,0.924,0.88,0.889,41800,0.044,0.9028,-1.53
2019-01-22,0.9,0.901,0.883,0.883,1300,0.018,0.9005,-1.94
2019-01-18,0.885,0.9,0.885,0.9,1202,0.015,0.8998,0.02
2019-01-16,0.888,0.89,0.888,0.89,1100,0.002,0.8987,-0.97
2019-01-15,0.885,0.885,0.88,0.88,1100,0.005,0.8901,-1.13
2019-01-14,0.884,0.884,0.875,0.875,11800,0.009,0.874,0.11
2019-01-11,0.878,0.884,0.875,0.875,13300,0.009,0.8889,-1.56
2019-01-09,0.868,0.954,0.864,0.874,51000,0.09,0.8786,-0.52
2019-01-08,0.864,0.867,0.864,0.867,5300,0.003,0.8664,0.07
2019-01-07,0.859,0.859,0.854,0.859,2000,0.005,0.8654,-0.74
2019-01-04,0.854,0.854,0.848,0.848,1000,0.006,0.8522,-0.49
2019-01-03,0.848,0.848,0.844,0.844,26100,0.004,0.8418,0.26
2019-01-02,0.84,0.889,0.838,0.838,18200,0.051,0.8429,-0.58
2018-12-28,0.89,0.89,0.89,0.89,100,0.0,0.8491,4.82
2018-12-25,0.842,0.888,0.842,0.888,500,0.046,0.8525,4.16
2018-12-20,0.892,0.892,0.892,0.892,1100,0.0,0.8621,3.47
2018-12-19,0.899,0.899,0.87,0.899,5200,0.029,0.867,3.69
2018-12-14,0.874,0.874,0.874,0.874,1000,0.0,0.8839,-1.12
2018-12-13,0.883,0.899,0.88,0.888,24053,0.019,0.8919,-0.44
2018-12-12,0.861,0.873,0.861,0.873,4000,0.012,0.8753,-0.26
2018-12-10,0.86,0.865,0.852,0.863,14800,0.013,0.8554,0.89
2018-12-06,0.89,0.89,0.881,0.888,1300,0.009,0.8755,1.43
2018-12-05,0.915,0.915,0.89,0.89,2800,0.025,0.8935,-0.39
2018-12-04,0.918,0.918,0.918,0.918,87900,0.0,0.9074,1.17
2018-12-03,0.894,0.912,0.894,0.912,124900,0.018,0.9163,-0.47
2018-11-30,0.886,0.888,0.886,0.888,7516,0.002,0.893,-0.56
2018-11-29,0.888,0.888,0.875,0.888,2400,0.013,0.8846,0.38
2018-11-28,0.873,0.885,0.873,0.884,39600,0.012,0.8886,-0.52
2018-11-27,0.875,0.875,0.86,0.861,7400,0.015,0.8719,-1.25
2018-11-26,0.874,0.874,0.862,0.87,47900,0.012,0.8736,-0.41
2018-11-23,0.836,0.836,0.836,0.836,19968,0.0,0.8612,-2.93
2018-11-22,0.874,0.874,0.861,0.872,2000,0.013,0.8705,0.17
2018-11-21,0.845,0.871,0.845,0.871,1800,0.026,0.8778,-0.77
2018-11-20,0.875,0.875,0.851,0.851,1100,0.024,0.864,-1.5
2018-11-19,0.842,0.865,0.842,0.865,80536,0.023,0.8751,-1.15
2018-11-16,0.875,0.875,0.852,0.856,157754,0.023,0.862,-0.7
2018-11-15,0.85,0.856,0.85,0.856,7446,0.006,0.859,-0.35
2018-11-12,0.862,0.862,0.819,0.857,2488,0.043,0.8469,1.19
2018-11-09,0.873,0.873,0.836,0.836,8600,0.037,0.8435,-0.89
2018-11-08,0.849,0.849,0.849,0.849,15873,0.0,0.8616,-1.46
2018-11-07,0.834,0.875,0.834,0.875,2200,0.041,0.8609,1.64
2018-11-06,0.826,0.871,0.826,0.869,1192,0.045,0.857,1.4
2018-11-05,0.875,0.875,0.868,0.868,300,0.007,0.851,2.0
2018-11-02,0.828,0.859,0.828,0.859,158900,0.031,0.8698,-1.24
2018-11-01,0.818,0.83,0.818,0.825,32167,0.012,0.8366,-1.39
2018-10-31,0.801,0.814,0.797,0.814,94000,0.017,0.8193,-0.65
2018-10-30,0.792,0.8,0.792,0.8,14700,0.008,0.8062,-0.77
2018-10-25,0.8,0.828,0.79,0.828,139220,0.038,0.8142,1.69
2018-10-24,0.817,0.845,0.79,0.837,14700,0.055,0.8134,2.9
2018-10-23,0.864,0.864,0.825,0.853,55500,0.039,0.8184,4.23
2018-10-22,0.834,0.844,0.834,0.844,5500,0.01,0.8437,0.04
2018-10-19,0.8,0.825,0.8,0.825,500,0.025,0.8256,-0.07
2018-10-17,0.809,0.814,0.808,0.81,163553,0.006,0.8196,-1.17
2018-10-16,0.815,0.818,0.808,0.808,166770,0.01,0.8198,-1.44
2018-10-15,0.821,0.827,0.816,0.827,17700,0.011,0.8172,1.2
2018-10-12,0.821,0.821,0.807,0.821,8907,0.014,0.8342,-1.58
2018-10-11,0.842,0.842,0.812,0.821,162160,0.03,0.8191,0.23
2018-10-10,0.868,0.87,0.867,0.867,54700,0.003,0.8549,1.42
2018-10-09,0.864,0.872,0.858,0.858,24700,0.014,0.8579,0.01
2018-10-08,0.899,0.899,0.861,0.868,152000,0.038,0.856,1.4
2018-09-28,0.916,0.922,0.91,0.91,15900,0.012,0.915,-0.55
2018-09-27,0.92,0.92,0.916,0.916,41800,0.004,0.9167,-0.08
2018-09-26,0.922,0.924,0.912,0.923,123200,0.012,0.9196,0.37
2018-09-25,0.911,0.924,0.9,0.924,146700,0.024,0.9224,0.17
2018-09-21,0.912,0.93,0.909,0.929,197600,0.021,0.9421,-1.39
2018-09-20,0.902,0.907,0.902,0.907,5194,0.005,0.9183,-1.23
2018-09-19,0.9,0.92,0.9,0.91,88594,0.02,0.9201,-1.1
2018-09-18,0.879,0.891,0.879,0.891,200,0.012,0.9001,-1.01
2018-09-13,0.902,0.902,0.902,0.902,300,0.0,0.8946,0.83
2018-09-11,0.885,0.899,0.885,0.898,30600,0.014,0.8803,2.01
2018-09-07,0.911,0.911,0.88,0.905,62118,0.031,0.9007,0.48
2018-09-06,0.905,0.906,0.903,0.906,98700,0.003,0.9011,0.54
2018-09-05,0.921,0.921,0.918,0.918,24500,0.003,0.9133,0.51
2018-09-04,0.984,0.985,0.924,0.926,23800,0.061,0.9375,-1.23
2018-09-03,0.988,0.988,0.93,0.93,300,0.058,0.9324,-0.26
2018-08-31,1.029,1.029,0.938,0.938,3300,0.091,0.9463,-0.88
2018-08-29,0.941,0.95,0.941,0.95,246,0.009,0.9615,-1.2
2018-08-28,0.957,0.957,0.956,0.956,1700,0.001,0.9605,-0.47
2018-08-27,0.953,0.965,0.953,0.963,83342,0.012,0.9719,-0.92
2018-08-24,0.933,0.947,0.933,0.947,7400,0.014,0.9452,0.19
2018-08-23,0.948,0.948,0.932,0.932,285992,0.016,0.945,-1.38
2018-08-21,0.939,0.95,0.93,0.949,58600,0.02,0.9504,-0.15
2018-08-20,0.939,0.939,0.939,0.939,100,0.0,0.9325,0.7
2018-08-15,0.923,0.923,0.919,0.919,21100,0.004,0.9124,0.72
2018-08-14,0.954,0.954,0.938,0.938,2400,0.016,0.9344,0.39
2018-08-13,0.935,0.935,0.935,0.935,100,0.0,0.9397,-0.5
2018-08-10,0.959,0.966,0.959,0.966,200,0.007,0.9573,0.91
2018-08-09,0.949,0.95,0.949,0.95,15300,0.001,0.953,-0.31
2018-08-07,0.937,0.938,0.925,0.925,2600,0.013,0.9451,-2.13
2018-08-06,0.923,0.923,0.922,0.923,4500,0.001,0.9253,-0.25
2018-08-03,0.935,0.935,0.922,0.922,13600,0.013,0.9232,-0.13
2018-08-02,0.94,0.94,0.922,0.926,20746,0.018,0.9336,-0.81
2018-07-30,0.962,0.962,0.962,0.962,99228,0.0,0.9773,-1.57
2018-07-27,0.975,0.979,0.967,0.977,27600,0.012,0.983,-0.61
2018-07-26,0.978,0.979,0.968,0.968,19900,0.011,0.9792,-1.14
2018-07-25,0.968,0.968,0.968,0.968,100,0.0,0.986,-1.83
2018-07-24,0.939,0.97,0.939,0.965,406823,0.031,0.972,-0.72
2018-07-23,0.939,0.955,0.939,0.955,96395,0.016,0.9492,0.61
2018-07-20,0.921,0.93,0.921,0.93,59910,0.009,0.9367,-0.72
2018-07-19,0.922,0.922,0.922,0.922,76507,0.0,0.9225,-0.05
2018-07-18,0.92,0.92,0.92,0.92,29769,0.0,0.9276,-0.82
2018-07-12,0.931,0.937,0.931,0.937,55881,0.006,0.9394,-0.26
2018-07-11,0.929,0.929,0.927,0.928,19000,0.002,0.9182,1.07
2018-07-10,0.929,0.929,0.929,0.929,100,0.0,0.9357,-0.72
2018-07-09,0.926,0.93,0.902,0.93,7300,0.028,0.9336,-0.39
2018-07-06,0.924,0.924,0.924,0.924,100,0.0,0.9108,1.45
2018-07-05,0.937,0.937,0.905,0.912,26800,0.032,0.9082,0.42
2018-07-04,0.915,0.92,0.915,0.918,10900,0.005,0.9176,0.04
2018-07-03,0.93,0.935,0.92,0.935,20581,0.015,0.935,0.0
2018-07-02,0.931,0.935,0.931,0.935,8476,0.004,0.9519,-1.78
2018-06-29,0.935,0.942,0.934,0.942,7600,0.008,0.952,-1.05
2018-06-28,0.96,0.96,0.908,0.908,185900,0.052,0.9185,-1.14
2018-06-27,0.942,0.946,0.933,0.933,30400,0.013,0.9212,1.28
2018-06-26,0.94,0.947,0.94,0.947,6800,0.007,0.9441,0.31
2018-06-25,0.972,0.98,0.967,0.973,127600,0.013,0.9573,1.64
2018-06-22,0.997,0.999,0.996,0.996,1700,0.003,0.9823,1.39
2018-06-21,0.985,0.985,0.985,0.985,40000,0.0,0.9815,0.36
2018-06-20,0.974,1.02,0.974,0.985,123936,0.046,0.9896,-0.46
2018-06-19,0.99,0.99,0.98,0.981,1900,0.01,0.9789,0.21
2018-06-15,1.006,1.012,1.006,1.012,93837,0.006,1.0097,0.23
2018-06-14,1.021,1.021,1.002,1.005,829400,0.019,1.012,-0.69
2018-06-13,1.02,1.024,1.02,1.021,332164,0.004,1.0239,-0.28
2018-06-12,1.029,1.029,1.022,1.028,933965,0.007,1.0336,-0.54
2018-06-11,1.011,1.023,1.011,1.023,498450,0.012,1.0305,-0.73
2018-06-08,1.017,1.019,1.017,1.017,73567,0.002,1.0214,-0.43
2018-06-07,1.025,1.026,1.021,1.026,342514,0.005,1.0335,-0.73
2018-06-06,1.03,1.03,1.022,1.027,473842,0.008,1.0354,-0.81
2018-06-05,1.008,1.028,1.008,1.025,810359,0.02,1.0317,-0.65
2018-06-04,0.992,1.017,0.986,1.016,378759,0.031,1.0316,-1.51
2018-06-01,0.996,1.002,0.996,1.002,71600,0.006,1.0059,-0.39
2018-05-31,0.976,1.01,0.976,0.996,208849,0.034,1.0078,-1.17
2018-05-30,0.97,0.992,0.97,0.971,20184,0.022,0.9902,-1.94
2018-05-29,0.997,0.998,0.997,0.997,11600,0.001,0.999,-0.2
2018-05-28,1.002,1.02,1.002,1.002,47787,0.018,1.0107,-0.86
2018-05-25,0.994,1.002,0.994,1.002,47814,0.008,1.0095,-0.74
2018-05-24,0.992,0.999,0.992,0.993,139882,0.007,1.009,-1.59
2018-05-23,1.007,1.01,1.004,1.009,144800,0.006,1.0075,0.15
2018-05-22,1.025,1.025,1.002,1.013,330010,0.023,1.0271,-1.37
2018-05-21,1.018,1.022,1.016,1.02,290197,0.006,1.0278,-0.76
2018-05-18,1.018,1.018,1.004,1.015,704906,0.014,1.0225,-0.73
2018-05-17,1.005,1.005,1.0,1.0,42222,0.005,1.0109,-1.08
2018-05-16,1.005,1.015,1.005,1.011,91967,0.01,1.0208,-0.96
2018-05-15,0.998,1.003,0.998,1.003,343463,0.005,1.0145,-1.13
2018-05-14,0.994,1.0,0.994,0.997,256272,0.006,1.0157,-1.84
2018-05-11,0.984,0.992,0.984,0.991,270026,0.008,0.9988,-0.78
2018-05-10,0.981,0.988,0.981,0.983,130880,0.007,0.995,-1.21
2018-05-09,0.966,0.981,0.966,0.98,421358,0.015,0.988,-0.81
2018-05-08,0.957,0.98,0.957,0.98,214562,0.023,0.9833,-0.34
2018-05-07,0.979,0.979,0.979,0.979,200,0.0,0.9724,0.68
2018-05-03,0.98,0.98,0.98,0.98,100,0.0,0.9786,0.14
2018-05-02,0.961,0.979,0.961,0.979,88453,0.018,0.99,-1.11
2018-04-27,0.941,0.955,0.941,0.955,36481,0.014,0.9668,-1.22
2018-04-25,0.94,0.956,0.937,0.952,375445,0.019,0.9606,-0.9
2018-04-24,0.937,0.955,0.937,0.955,387080,0.018,0.9655,-1.09
2018-04-23,0.921,0.932,0.921,0.932,581792,0.011,0.9405,-0.9
2018-04-20,0.948,0.954,0.941,0.95,166283,0.013,0.9492,0.08
2018-04-19,0.954,0.961,0.952,0.957,106891,0.009,0.9639,-0.72
2018-04-17,0.966,0.99,0.966,0.99,50200,0.024,0.9488,4.34
2018-04-16,0.953,0.966,0.952,0.966,40300,0.014,0.9598,0.65
2018-04-13,0.991,0.991,0.971,0.973,10900,0.02,0.9782,-0.53
2018-04-12,0.984,0.985,0.977,0.982,16200,0.008,0.9797,0.23
2018-04-11,0.973,0.993,0.973,0.979,312653,0.02,0.9851,-0.62
2018-04-10,0.972,0.987,0.971,0.985,105000,0.016,0.9883,-0.33
2018-04-09,0.964,0.971,0.964,0.97,11300,0.007,0.9679,0.22
2018-04-04,0.951,0.974,0.95,0.969,441330,0.024,0.9491,2.1
2018-04-03,0.949,0.96,0.943,0.96,129300,0.017,0.9626,-0.27
2018-04-02,0.977,0.977,0.954,0.957,115180,0.023,0.968,-1.14
2018-03-30,0.977,0.977,0.975,0.975,2200,0.002,0.9698,0.54
2018-03-29,0.962,0.98,0.961,0.976,180320,0.019,0.9724,0.37
2018-03-28,0.977,0.977,0.948,0.964,79426,0.029,0.9598,0.44
2018-03-27,0.987,0.987,0.973,0.973,35259,0.014,0.9788,-0.59
2018-03-26,0.97,0.972,0.96,0.971,449300,0.012,0.9753,-0.44
2018-03-23,0.968,0.999,0.966,0.971,1167399,0.033,0.9787,-0.79
2018-03-22,1.031,1.031,1.007,1.021,127333,0.024,1.0122,0.87
2018-03-21,1.038,1.038,1.014,1.022,1874066,0.024,1.0244,-0.23
2018-03-20,1.001,1.018,1.001,1.016,311376,0.017,1.0201,-0.4
2018-03-19,1.014,1.024,1.008,1.023,439447,0.016,1.0249,-0.19
2018-03-16,1.009,1.02,1.007,1.015,1167622,0.013,1.0294,-1.4
2018-03-15,0.999,1.009,0.999,1.009,1687815,0.01,1.0146,-0.55
2018-03-14,1.003,1.003,0.987,1.003,235854,0.016,1.0066,-0.36
2018-03-13,1.01,1.01,0.993,1.005,129610,0.017,1.0092,-0.42
2018-03-12,1.009,1.009,0.992,1.007,256620,0.017,1.0122,-0.51
2018-03-09,1.014,1.014,0.982,1.009,123400,0.032,0.9964,1.26
2018-03-08,0.968,0.988,0.966,0.987,99800,0.022,0.9918,-0.48
2018-03-07,0.984,0.984,0.966,0.968,168473,0.018,0.9715,-0.36
2018-03-06,0.97,0.978,0.963,0.978,337768,0.015,0.9831,-0.52
2018-03-05,0.988,0.988,0.964,0.983,207200,0.024,0.9633,2.05
2018-03-01,0.95,0.997,0.95,0.988,176599,0.047,0.9842,0.39
2018-02-28,0.973,0.979,0.97,0.97,10700,0.009,0.9682,0.19
2018-02-27,0.991,0.996,0.978,0.985,153877,0.018,0.9758,0.94
2018-02-26,1.018,1.019,0.998,1.001,183220,0.021,0.9958,0.52
2018-02-23,0.971,1.007,0.971,1.001,241981,0.036,1.0052,-0.42
2018-02-22,0.998,0.998,0.964,0.99,318500,0.034,0.9927,-0.27
2018-02-14,0.943,0.952,0.935,0.952,272940,0.017,0.9641,-1.26
2018-02-13,0.956,0.956,0.927,0.941,110900,0.029,0.9415,-0.05
2018-02-12,0.908,0.934,0.908,0.925,136628,0.026,0.9213,0.4
2018-02-09,0.912,0.918,0.876,0.911,951300,0.042,0.9228,-1.28
2018-02-08,0.968,0.968,0.942,0.954,928136,0.026,0.9508,0.34
2018-02-07,0.99,1.011,0.956,0.956,448500,0.055,0.9567,-0.07
2018-02-06,1.01,1.01,0.97,0.972,710117,0.04,0.9826,-1.08
2018-02-05,1.035,1.035,1.017,1.025,864653,0.018,1.0373,-1.19
2018-02-02,1.043,1.05,1.034,1.05,382514,0.016,1.0505,-0.05
2018-02-01,1.057,1.058,1.042,1.048,1306462,0.016,1.0515,-0.33
2018-01-31,1.041,1.047,1.035,1.044,580120,0.012,1.0577,-1.3
2018-01-30,1.061,1.067,1.05,1.053,2411481,0.017,1.0564,-0.32
2018-01-29,1.077,1.087,1.062,1.063,4811352,0.025,1.0734,-0.97
2018-01-26,1.058,1.074,1.056,1.07,6025492,0.018,1.0837,-1.26
2018-01-25,1.066,1.075,1.045,1.055,1750590,0.03,1.0708,-1.48
2018-01-24,1.062,1.068,1.061,1.066,652095,0.007,1.0771,-1.03
2018-01-23,1.069,1.069,1.059,1.062,2038813,0.01,1.0786,-1.54
2018-01-22,1.041,1.06,1.041,1.06,1993995,0.019,1.0676,-0.71
2018-01-19,1.026,1.039,1.026,1.034,1187114,0.013,1.0524,-1.75
2018-01-18,1.025,1.033,1.024,1.027,1233645,0.009,1.0392,-1.17
